postcode,lat,lng,city,state
0200,-35.2777,149.119,Anu,ACT
0810,-12.381806,130.866242,Alawa,NT
0810,-12.381806,130.866242,Millner,NT
0810,-12.381806,130.866242,Wagaman,NT
0812,-12.404778,130.916098,Leanyer,NT
0813,-12.404778,130.916098,Karama,NT
0820,-12.428017,130.873315,Coonawarra,NT
0820,-12.428017,130.873315,Fannie Bay,NT
0820,-12.428017,130.873315,The Narrows,NT
0822,-11.75841975,130.6254299,Annie River,NT
0822,-11.75841975,130.6254299,Burrundie,NT
0822,-11.75841975,130.6254299,Claravale,NT
0822,-11.75841975,130.6254299,Daly River,NT
0822,-11.75841975,130.6254299,Elrundie,NT
0822,-11.75841975,130.6254299,Glyde Point,NT
0822,-11.75841975,130.6254299,Hotham,NT
0822,-11.75841975,130.6254299,Livingstone,NT
0822,-11.75841975,130.6254299,Marrakai,NT
0822,-11.75841975,130.6254299,Millwood,NT
0822,-11.75841975,130.6254299,Nganmarriyanga,NT
0822,-11.75841975,130.6254299,Point Stephens,NT
0822,-11.75841975,130.6254299,Rum Jungle,NT
0822,-11.75841975,130.6254299,Tiwi Islands,NT
0822,-12.43399126,130.7459083,Wagait Beach,NT
0822,-11.75841975,130.6254299,Wishart,NT
0830,-12.52139649,130.9580765,Archer,NT
0830,-12.475071,130.974879,Palmerston,NT
0832,-12.502817,130.957712,Gunn,NT
0835,-12.5231,131.0415,Coolalinga,NT
0837,-12.64187171,131.094044,Noonamah,NT
0845,-13.045118,131.038475,Batchelor,NT
0850,-14.48180579,132.2598385,Katherine South,NT
0852,-16.4525888,130.8418661,Beswick Creek,NT
0852,-16.4525888,130.8418661,Daguragu,NT
0852,-16.4525888,130.8418661,Elsey Station,NT
0852,-16.4525888,130.8418661,Jilkminggan,NT
0852,-16.4525888,130.8418661,Manbulloo,NT
0852,0,0,Nitjpurru,NT
0852,-16.4525888,130.8418661,Sturt Plateau,NT
0852,-16.4525888,130.8418661,Victoria River Downs,NT
0853,-14.558122,132.417121,Tindal Raaf,NT
0862,-16.79698963,137.4667145,Calvert,NT
0862,-17.60786065,134.055559,Pamayu,NT
0862,-18.251528,134.463153,Wollogorang Station,NT
0870,-23.69030677,133.8971833,East Side,NT
0872,-21.949513,131.298809,Aherrenge,NT
0872,-21.949513,131.298809,Anatye,NT
0872,-21.949513,131.298809,Barrow Creek,NT
0872,-21.949513,131.298809,Docker River,NT
0872,-21.949513,131.298809,Ghan,NT
0872,-21.949513,131.298809,Hart Range,NT
0872,-21.949513,131.298809,Ininti Store,NT
0872,-26.5308,125.6165,Kanpa,WA
0872,-21.949513,131.298809,Lake Mackay,NT
0872,-21.949513,131.298809,Mount Liebig,NT
0872,-21.949513,131.298809,Napperby Station,NT
0872,-21.949513,131.298809,Petermann,NT
0872,-21.949513,131.298809,Tanami,NT
0872,-25.9752687,125.3466253,Tjirrkarli,WA
0872,-21.949513,131.298809,Wanarn,NT
0872,-21.949513,131.298809,Wutunugurra,NT
0873,-23.74471408,133.9050112,Connellan,NT
0874,-23.68480339,133.9224797,Undoolya,NT
0880,-12.2425718,136.8772098,Yirrkala,NT
0909,-12.3718,130.869,University,NT
1007,-33.794883,151.268071,Sydney,NSW
1023,-33.794883,151.268071,Sydney,NSW
1031,-33.794883,151.268071,Sydney,NSW
1038,-33.794883,151.268071,Sydney,NSW
1045,-33.794883,151.268071,Sydney,NSW
1108,-33.794883,151.268071,Sydney,NSW
1116,-33.666729,150.866145,Sydney,NSW
1123,-33.794883,151.268071,Sydney,NSW
1130,-33.794883,151.268071,Sydney,NSW
1137,-33.794883,151.268071,Sydney,NSW
1144,-33.794883,151.268071,Sydney,NSW
1151,-33.794883,151.268071,Sydney,NSW
1158,-33.794883,151.268071,Sydney,NSW
1165,-33.794883,151.268071,Sydney,NSW
1172,-33.794883,151.268071,Sydney,NSW
1179,-33.794883,151.268071,Sydney,NSW
1186,-33.794883,151.268071,Sydney,NSW
1193,-33.794883,151.268071,Sydney,NSW
1201,-33.794883,151.268071,Sydney,NSW
1210,-33.891788,151.176251,Australia Square,NSW
1217,-33.741311,151.034025,Grosvenor Place,NSW
1224,-33.86533,151.207905,Royal Exchange,NSW
1231,-33.815551,151.042528,Sydney South,NSW
1238,-29.816475,151.659454,Haymarket,NSW
1295,-33.794883,151.268071,Sydney,NSW
1335,-33.82269,151.117575,Potts Point,NSW
1419,-34.0641,151.094,Southern Suburbs Mc,NSW
1427,-33.726098,150.931838,Strawberry Hills,NSW
1445,-34.083089,151.007691,Rosebery,NSW
1475,-33.90911,151.15334,Marrickville,NSW
1493,-33.975869,151.088939,Hurstville,NSW
1585,-33.83459,151.20085,Crows Nest,NSW
1639,-33.793137,151.246751,Frenchs Forest,NSW
1675,-33.833033,151.139681,Gladesville,NSW
1740,-33.886166,151.139472,Parramatta,NSW
1790,-33.859047,151.19554,St Marys,NSW
1831,-33.859289,150.948582,Granville,NSW
1875,-33.93566973,150.9413383,Moorebank,NSW
2000,-33.859953,151.256649,Dawes Point,NSW
2001,-33.794883,151.268071,Sydney,NSW
2008,-33.891146,151.193858,Chippendale,NSW
2010,-33.884119,151.212262,Taylor Square,NSW
2012,-33.726098,150.931838,Strawberry Hills,NSW
2017,-33.9003,151.206,Waterloo Dc,NSW
2020,-33.936179,151.176775,Sydney Domestic Airport,NSW
2022,-33.896401,151.245049,Bondi Junction Plaza,NSW
2026,-33.891041,151.268968,Ben Buckler,NSW
2027,-33.868972,151.250494,Hmas Rushcutters,NSW
2030,-33.858378,151.275977,Rose Bay North,NSW
2031,-33.914832,151.239167,St Pauls,NSW
2035,-33.945635,151.241292,Maroubra South,NSW
2036,-33.969624,151.237844,Malabar,NSW
2039,-33.867187,151.171915,Rozelle,NSW
2042,-33.900649,151.175354,Newtown,NSW
2046,-33.866044,151.133865,Abbotsford,NSW
2047,-33.853924,151.165735,Drummoyne,NSW
2050,-33.89037,151.17598,Missenden Road,NSW
2060,-33.839863,151.204557,Hmas Waterhen,NSW
2061,-33.848785,151.212372,Milsons Point,NSW
2065,-33.828361,151.192212,Greenwich,NSW
2066,-33.818641,151.160912,Lane Cove West,NSW
2067,-33.798378,151.17711,Chatswood West,NSW
2069,-33.780246,151.195368,Castle Cove,NSW
2071,-33.761834,151.171738,Killara,NSW
2074,-33.735222,151.123716,Turramurra,NSW
2076,-33.723263,151.108249,Wahroonga,NSW
2081,-33.619756,151.150498,Berowra,NSW
2083,-33.51046731,151.1920435,Cheero Point,NSW
2084,-33.650999,151.216929,Duffys Forest,NSW
2087,-33.766093,151.210531,Forestville,NSW
2090,-33.828949,151.223094,Cremorne,NSW
2093,-33.79315,151.258069,Clontarf,NSW
2096,-33.77509122,151.2849046,Freshwater,NSW
2097,-33.739577,151.297895,Long Reef,NSW
2099,-33.748914,151.279999,North Curl Curl,NSW
2100,-33.766409,151.257781,Oxford Falls,NSW
2102,-33.689941,151.290953,Warriewood,NSW
2105,-33.642202,151.278293,Lovett Bay,NSW
2107,-33.634816,151.323289,Avalon Beach,NSW
2107,-33.634816,151.323289,Taylors Point,NSW
2108,-33.60382,151.322759,The Basin,NSW
2111,-33.829953,151.124488,Henley,NSW
2112,-33.81658,151.108447,Ryde,NSW
2114,-33.810991,151.084181,Denistone West,NSW
2117,-33.797127,151.04218,Dundas Valley,NSW
2119,-33.755499,151.064176,Beecroft,NSW
2122,-33.791357,151.092072,Eastwood,NSW
2127,-33.85283,151.076186,Newington,NSW
2132,-33.882419,151.113385,Croydon,NSW
2136,-33.892944,151.087741,Enfield,NSW
2138,-33.846098,151.086036,Concord West,NSW
2140,-33.835018,151.070853,Homebush West,NSW
2142,-33.83307675,151.0220764,Clyde,NSW
2143,-33.885382,151.021934,Regents Park,NSW
2145,-33.813104,150.957425,Mays Hill,NSW
2146,-33.789374,150.959508,Toongabbie,NSW
2148,-33.783751,150.900547,Blacktown,NSW
2150,-33.814463,151.006506,Parramatta,NSW
2153,-33.731651,150.955942,Crestwood,NSW
2155,-33.6852,150.953,North Kellyville,NSW
2157,-33.602167,150.991055,Glenorie,NSW
2159,-33.539148,151.084146,Berrilee,NSW
2161,-33.858335,150.983724,Old Guildford,NSW
2164,-33.844153,150.875028,Smithfield,NSW
2165,-33.872435,150.947496,Fairfield Heights,NSW
2167,-33.972167,150.890441,Glenfield,NSW
2168,-33.915939,150.875345,Miller,NSW
2170,-33.928392,150.921448,Liverpool South,NSW
2171,-33.93771581,150.8487366,Carnes Hill,NSW
2171,-33.959617,150.970931,West Hoxton,NSW
2174,-33.977497,150.856709,Ingleburn Milpo,NSW
2176,-33.872014,150.88526,St Johns Park,NSW
2178,-33.87478,150.838225,Mount Vernon,NSW
2192,-33.921018,151.089663,Belmore,NSW
2195,-33.924525,151.076939,Wiley Park,NSW
2200,-33.926559,151.014937,Bankstown,NSW
2200,-33.926559,151.014937,Mount Lewis,NSW
2205,-33.937551,151.147956,Wolli Creek,NSW
2207,-33.948744,151.119517,Bexley North,NSW
2210,-33.957725,151.052257,Lugarno,NSW
2212,-33.947286,151.014547,Revesby,NSW
2216,-33.955393,151.148204,Banksia,NSW
2217,-33.974354,151.140345,Kogarah,NSW
2219,-33.996587,151.132495,Dolls Point,NSW
2221,-33.992159,151.10599,Carss Park,NSW
2224,-34.01362,151.101891,Kangaroo Point,NSW
2226,-34.009345,151.063808,Como,NSW
2229,-34.05505669,151.1196698,Caringbah South,NSW
2230,-34.093213,151.136596,Burraneer,NSW
2232,-34.0882,151.124,Bonnie Vale,NSW
2232,-34.034,151.071,Kirrawee Dc,NSW
2232,-34.1336,151.1041,Wattamolla,NSW
2233,-34.114626,151.027919,Yarrawarrah,NSW
2234,-34.021938,151.004412,Menai Central,NSW
2250,-33.325373,151.189243,Erina Fair,NSW
2250,-33.325373,151.189243,Kulnura,NSW
2250,-33.325373,151.189243,Mount Elliot,NSW
2250,-33.325373,151.189243,Point Frederick,NSW
2250,-33.4220092,151.3236249,West Gosford,NSW
2251,-33.482209,151.401999,Green Point,NSW
2252,-33.3208,151.234,Central Coast Mc,NSW
2256,-33.482123,151.331154,Phegans Bay,NSW
2257,-33.520358,151.374403,Empire Bay,NSW
2257,-33.520358,151.374403,Umina Beach,NSW
2259,-33.208801,151.377213,Alison,NSW
2259,-33.208801,151.377213,Frazer Park,NSW
2259,-33.20712254,151.4435371,Kiar,NSW
2259,-33.17122783,151.6212133,Moonee,NSW
2259,-33.29381251,151.4552558,Tacoma South,NSW
2259,-33.208801,151.377213,Woongarrah,NSW
2259,-33.208801,151.377213,Yarramalong,NSW
2261,-33.315827,151.519708,Bay Village,NSW
2261,-33.315827,151.519708,Long Jetty,NSW
2262,-33.209125,151.528042,Blue Haven,NSW
2262,-33.209125,151.528042,Halekulani,NSW
2263,-33.285097,151.556223,Noraville,NSW
2264,-33.106675,151.533807,Mandalong,NSW
2264,-33.106675,151.533807,Windermere Park,NSW
2278,-32.932412,151.590415,Wakefield,NSW
2280,-33.019715,151.663175,Marks Point,NSW
2281,-33.089963,151.668857,Middle Camp,NSW
2282,-32.987279,151.651275,Eleebana,NSW
2283,-33.019117,151.57181,Bolton Point,NSW
2283,-33.019117,151.57181,Kilaben Bay,NSW
2284,-32.953236,151.621183,Marmong Point,NSW
2285,-32.933305,151.651095,Cardiff South,NSW
2287,-32.892577,151.65807,Birmingham Gardens,NSW
2287,-32.892577,151.65807,Wallsend,NSW
2289,-32.948567,151.71008,Kotara,NSW
2290,-32.983963,151.707801,Hillsborough,NSW
2291,-32.951039,151.742882,Merewether Heights,NSW
2295,-32.879469,151.80174,Fern Bay,NSW
2299,-32.903131,151.690858,Glen Inneslambton,NSW
2300,-32.931635,151.778021,Newcastle East,NSW
2304,-32.880319,151.73862,Kooragang,NSW
2305,-32.930221,151.706545,Kotara East,NSW
2309,-30.352158,148.890775,Dangar,NSW
2311,-32.3438,151.522527,Eccleston,NSW
2312,-32.16165072,152.3722113,Minimbah,NSW
2315,-32.746224,152.193698,Shoal Bay,NSW
2317,-32.720937,152.076399,Salamander Bay,NSW
2318,-32.769906,151.851897,Salt Ash,NSW
2320,-32.741737,151.543675,Allandale,NSW
2320,-32.741737,151.543675,Hillsborough,NSW
2320,-32.741737,151.543675,Maitland North,NSW
2320,-32.741737,151.543675,Pokolbin,NSW
2320,-32.741737,151.543675,Windella,NSW
2321,-32.660186,151.683702,Gillieston Heights,NSW
2321,-32.660186,151.683702,Lochinvar,NSW
2321,-32.660186,151.683702,Woerden,NSW
2322,-32.819819,151.65415,Stockrington,NSW
2323,-32.757616,151.607554,Buchanan,NSW
2323,-32.757616,151.607554,Metford,NSW
2324,-32.623108,152.332617,Balickera,NSW
2324,-32.623108,152.332617,Hawks Nest,NSW
2324,-32.623108,152.332617,Nelsons Plains,NSW
2324,-32.623108,152.332617,Swan Bay,NSW
2325,-32.977861,151.317476,Bellbird,NSW
2325,-32.95034059,151.2187761,Corrabare,NSW
2325,-32.977861,151.317476,Kitchener,NSW
2325,-32.977861,151.317476,Mount View,NSW
2325,-32.977861,151.317476,Pelton,NSW
2325,-33.01498358,150.9115105,Yengo National Park,NSW
2327,-32.820688,151.486212,Kurri Kurri,NSW
2328,-32.57693,150.564817,Hollydeen,NSW
2329,-32.047498,150.187517,Cassilis,NSW
2330,-32.760486,150.972137,Bridgman,NSW
2330,-32.760486,150.972137,Darlington,NSW
2330,-32.760486,150.972137,Fordwich,NSW
2330,-32.760486,150.972137,Goorangoola,NSW
2330,-32.760486,150.972137,Howick,NSW
2330,-32.760486,150.972137,Middle Falbrook,NSW
2330,-32.760486,150.972137,Obanvale,NSW
2330,-32.760486,150.972137,Scotts Flat,NSW
2330,-32.760486,150.972137,Wattle Ponds,NSW
2333,-32.248568,150.701949,Baerami,NSW
2333,-32.248568,150.701949,Liddell,NSW
2334,-32.728461,151.385451,Greta,NSW
2335,-32.642118,151.319414,Leconfield,NSW
2336,-32.14622,151.102917,Rossgole,NSW
2337,-31.966754,151.080412,Bunnan,NSW
2337,-31.966754,151.080412,Middle Brook,NSW
2337,-31.966754,151.080412,Pages Creek,NSW
2337,-31.966754,151.080412,Waverly,NSW
2338,-31.735174,151.029159,Murrurundi,NSW
2339,-31.735738,150.603274,Cattle Creek,NSW
2339,-31.735738,150.603274,Willow Tree,NSW
2340,-31.333592,151.138322,Carroll,NSW
2340,-31.333592,151.138322,Goonoo Goonoo,NSW
2340,-31.333592,151.138322,Loomberah,NSW
2340,-31.333592,151.138322,Piallamore,NSW
2340,-31.333592,151.138322,Wallamore,NSW
2342,-31.155223,150.54907,Currabubula,NSW
2343,-31.66545698,150.1491418,Coomoo Coomoo,NSW
2343,-31.66545698,150.1491418,Warrah Ridge,NSW
2345,-30.864342,150.875031,Garthowen,NSW
2346,-30.81768151,150.6548008,Rushes Creek,NSW
2347,-30.281899,150.523163,Caroda,NSW
2347,-30.281899,150.523163,Longarm,NSW
2348,-31.2532,146.921,New England Mc,NSW
2350,-30.5016,151.666,Armidale East,NSW
2350,-30.493397,151.906153,Donald Creek,NSW
2350,-30.493397,151.906153,Jeogla,NSW
2350,-30.493397,151.906153,Puddledock,NSW
2350,-30.493397,151.906153,Tilbuster,NSW
2352,-31.088119,151.246189,Limbri,NSW
2354,-31.145898,151.762627,Moona Plains,NSW
2354,-31.145898,151.762627,Woolbrook,NSW
2357,-31.45375337,149.5217496,Box Ridge,NSW
2357,-31.35339341,149.1691616,Tannabar,NSW
2358,-30.540297,151.297519,Gostwyck,NSW
2358,-30.540297,151.297519,Yarrowyck,NSW
2360,-29.630052,151.162025,Cherry Tree Hill,NSW
2360,-29.630052,151.162025,Inverell,NSW
2360,-29.630052,151.162025,Oakwood,NSW
2360,-29.630052,151.162025,Wallangra,NSW
2361,-29.198493,151.141751,Pindaroi,NSW
2365,-30.115913,151.673028,Briarbrook,NSW
2365,-30.115913,151.673028,Green Hills,NSW
2365,-30.115913,151.673028,South Guyra,NSW
2369,-29.985367,151.265077,Stannifer,NSW
2370,-29.736171,151.869397,Glen Elgin,NSW
2370,-29.736171,151.869397,Moggs Swamp,NSW
2370,-29.736171,151.869397,Reddestone,NSW
2371,-29.36625,151.814675,Capoompeta,NSW
2371,-29.36625,151.814675,Torrington,NSW
2372,-29.083319,151.999661,Bluff Rock,NSW
2372,-29.083319,151.999661,Carrolls Creek,NSW
2372,-29.083319,151.999661,Pyes Creek,NSW
2372,-29.083319,151.999661,Sunnyside,NSW
2372,-29.083319,151.999661,Wylie Creek,NSW
2380,-31.046117,150.199154,Burburgate,NSW
2380,-31.046117,150.199154,Marys Mount,NSW
2381,-31.244175,150.457901,Curlewis,NSW
2382,-30.595044,150.17806,Wean,NSW
2388,-30.427329,149.001543,Boolcarroll,NSW
2388,-30.427329,149.001543,Wee Waa,NSW
2390,-30.413331,149.767538,Couradda,NSW
2390,-30.413331,149.767538,Narrabri West,NSW
2396,-30.777381,148.984063,Baradine,NSW
2397,-29.925739,149.690988,Thalaba,NSW
2400,-29.474921,149.462148,Crooble,NSW
2400,-29.474921,149.462148,Yarraman,NSW
2403,-29.620234,150.787333,Gragin,NSW
2404,-29.73913547,150.5025855,Gineroi,NSW
2406,-28.95352658,148.7670014,Mungindi,NSW
2409,-28.76070035,150.5515363,Boonal,NSW
2415,-32.16526685,151.7445251,Upper Karuah River,NSW
2420,-32.239696,151.685456,Cambra,NSW
2420,-32.41767413,151.6835195,Hanleys Creek,NSW
2420,-32.37931999,151.8123007,Stroud Hill,NSW
2420,-32.239696,151.685456,Wallarobba,NSW
2421,-32.601853,151.543017,Trevallyn,NSW
2422,-31.70736492,151.9042773,Baxters Ridge,NSW
2422,-31.973082,151.865806,Bulliac,NSW
2422,-31.973082,151.865806,Corroboree Flat,NSW
2422,-31.973082,151.865806,Forbesdale,NSW
2422,-31.973082,151.865806,Kia Ora,NSW
2422,-31.973082,151.865806,Mount Peerless,NSW
2422,-31.973082,151.865806,Titaatee Creek,NSW
2422,-31.973082,151.865806,Wirradgurie,NSW
2423,-32.364861,152.270901,Crawford River,NSW
2423,-32.364861,152.270901,Topi Topi,NSW
2423,-32.364861,152.270901,Wootton,NSW
2424,-31.6402,151.964845,Knorrit Flat,NSW
2425,-32.417598,152.002451,Allworth,NSW
2426,-31.817926,152.595335,Langley Vale,NSW
2428,-32.196739,152.454216,Charlotte Bay,NSW
2428,-32.196739,152.454216,Green Point,NSW
2428,-32.196739,152.454216,Tuncurry,NSW
2429,-31.770375,152.292395,Bulby Brush,NSW
2429,-31.770375,152.292395,Dingo Forest,NSW
2429,-31.7591426,151.9926691,Khatambuhl,NSW
2429,-31.770375,152.292395,Kundibakh,NSW
2429,-31.770375,152.292395,Wherrol Flat,NSW
2430,-31.94592129,152.5901573,Cabbage Tree Island,NSW
2430,-31.899311,152.503209,Ghinni Ghinni,NSW
2430,-31.899311,152.503209,Kolodong,NSW
2430,-31.899311,152.503209,Mitchells Island,NSW
2430,-31.899311,152.503209,Rainbow Flat,NSW
2430,-31.899311,152.503209,Taree West,NSW
2439,-31.654722,152.652155,Batar Creek,NSW
2439,-31.654722,152.652155,Logans Crossing,NSW
2440,-30.375791,153.019648,Bellbrook,NSW
2440,-30.375791,153.019648,Comara,NSW
2440,-30.375791,153.019648,Frederickton,NSW
2440,-30.375791,153.019648,Hickeys Creek,NSW
2440,-30.375791,153.019648,Mungay Creek,NSW
2440,-30.375791,153.019648,Smithtown,NSW
2440,-30.375791,153.019648,West Kempsey,NSW
2441,-30.816097,152.831369,Allgomera Creek,NSW
2441,-30.816097,152.831369,Cooperabung,NSW
2441,-30.816097,152.831369,Gum Scrub,NSW
2441,-30.816097,152.831369,Tamban,NSW
2443,-31.725436,152.747152,Bobs Creek,NSW
2443,-31.725436,152.747152,Dunbogan,NSW
2443,-31.725436,152.747152,Moorland,NSW
2444,-31.439614,152.87253,Fernbank Creek,NSW
2444,-31.439614,152.87253,Riverside,NSW
2445,-31.583037,152.820899,Lake Cathie,NSW
2446,-31.387394,152.466916,Brombin,NSW
2446,-31.387394,152.466916,Forbes River,NSW
2446,-31.387394,152.466916,Kindee,NSW
2446,-31.36589017,152.1980539,Mount Seaview,NSW
2446,-31.387394,152.466916,Sancrox,NSW
2447,-30.82662169,152.7145508,Bakers Creek,NSW
2447,-30.77067,152.751629,Newee Creek,NSW
2447,-30.77067,152.751629,Utungun,NSW
2448,-30.604667,152.956681,Valla,NSW
2449,-30.62816,152.737629,Kennaicle Creek,NSW
2450,-30.097726,152.658268,Brooklana,NSW
2450,-30.097726,152.658268,Dairyville,NSW
2450,-30.097726,152.658268,Nana Glen,NSW
2452,-30.357168,153.08188,Boambee East,NSW
2453,-30.22840035,152.7837915,Cascade,NSW
2453,-30.329085,152.621062,Ebor,NSW
2453,-30.329085,152.621062,Maynards Plains,NSW
2453,-30.329085,152.621062,Tyringham,NSW
2454,-30.459807,152.840266,Fernmount,NSW
2454,-30.459807,152.840266,Orama,NSW
2454,-30.459807,152.840266,Upper Thora,NSW
2456,-29.98905156,153.1435857,Dirty Creek,NSW
2456,-30.073663,153.143409,Woolgoolga,NSW
2460,-29.320772,153.271074,Blaxlands Flat,NSW
2460,-29.320772,153.271074,Cangai,NSW
2460,-29.320772,153.271074,Chambigne,NSW
2460,-29.320772,153.271074,Coutts Crossing,NSW
2460,-29.320772,153.271074,Dumbudgery,NSW
2460,-29.320772,153.271074,Grafton,NSW
2460,-29.320772,153.271074,Junction Hill,NSW
2460,-29.320772,153.271074,Lanitza,NSW
2460,-29.320772,153.271074,Malabugilmah,NSW
2460,-29.320772,153.271074,Pulganbar,NSW
2460,-29.50466146,152.7265162,Smiths Creek,NSW
2460,-29.320772,153.271074,The Whiteman,NSW
2460,-29.29582566,152.3812776,Washpool,NSW
2462,-29.829194,153.187047,Calliope,NSW
2462,-29.829194,153.187047,Pillar Valley,NSW
2463,-29.42423996,153.2036054,Ashby Island,NSW
2463,-29.36691,153.104789,Palmers Channel,NSW
2463,-29.36691,153.104789,Tullymorgan,NSW
2464,-29.484556,153.334228,Yamba,NSW
2469,-29.338403,153.002402,Banyabba,NSW
2469,-29.338403,153.002402,Bulldog,NSW
2469,-28.54902952,152.6513147,Capeen Creek,NSW
2469,-29.338403,153.002402,Drake,NSW
2469,-28.66001977,152.5424591,Haystack,NSW
2469,-28.8181467,152.6040056,Lower Bottle Creek,NSW
2469,-29.338403,153.002402,Mummulgum,NSW
2469,-29.338403,153.002402,Pretty Gully,NSW
2469,-29.338403,153.002402,Tunglebung,NSW
2470,-28.92786,152.749759,Alice,NSW
2470,-28.92786,152.749759,Dobies Bight,NSW
2470,-28.92786,152.749759,Irvington,NSW
2470,-28.92786,152.749759,Sextonville,NSW
2470,-28.92786,152.749759,Woolners Arm,NSW
2471,-29.018999,153.243213,Green Forest,NSW
2472,-29.156771,153.303855,Broadwater,NSW
2472,-29.156771,153.303855,Tabbimoble,NSW
2473,-29.112327,153.410139,Iron Gates,NSW
2474,-28.499375,152.88504,Collins Creek,NSW
2474,-28.35651796,152.8727288,Findon Creek,NSW
2474,-28.6088675,152.9490282,Horse Station Creek,NSW
2474,-28.499375,152.88504,Lynchs Creek,NSW
2474,-28.4268064,152.7815971,Sherwood,NSW
2474,-28.49805691,153.1079835,Upper Horseshoe Creek,NSW
2475,-28.546257,152.388341,Tooloom,NSW
2476,-28.46321961,152.6553823,Brumby Plains,NSW
2476,-28.36456,152.49765,The Glen,NSW
2477,-28.907675,153.427314,East Wardell,NSW
2477,-28.907675,153.427314,Tuckombil,NSW
2478,-28.865483,153.532475,Cumbalum,NSW
2478,-28.865483,153.532475,Pimlico,NSW
2479,-28.709545,153.514963,Bangalow,NSW
2479,-28.709545,153.514963,Mcleods Shoot,NSW
2480,-28.706486,153.25943,Bexhill,NSW
2480,-28.706486,153.25943,Bungabbee,NSW
2480,-28.706486,153.25943,Dorroughby,NSW
2480,-28.706486,153.25943,Fernside,NSW
2480,-28.706486,153.25943,Jiggi,NSW
2480,-28.706486,153.25943,Lindendale,NSW
2480,-28.706486,153.25943,Mcleans Ridges,NSW
2480,-28.706486,153.25943,North Lismore,NSW
2480,-28.706486,153.25943,South Gundurimba,NSW
2480,-28.706486,153.25943,Tucki Tucki,NSW
2480,-28.706486,153.25943,Whian Whian,NSW
2481,-28.660756,153.592843,Myocum,NSW
2482,-28.54157482,153.4101745,Koonyum Range,NSW
2482,-28.547307,153.432398,Upper Main Arm,NSW
2483,-28.461128,153.494236,Crabbes Creek,NSW
2483,-28.461128,153.494236,The Pocket,NSW
2484,-28.38059,153.31648,Brays Creek,NSW
2484,-28.38059,153.31648,Commissioners Creek,NSW
2484,-28.38059,153.31648,Dunbible,NSW
2484,-28.38059,153.31648,Kielvale,NSW
2484,-28.38059,153.31648,Mount Burrell,NSW
2484,-28.38059,153.31648,Numinbah,NSW
2484,-28.38059,153.31648,Smiths Creek,NSW
2484,-28.38059,153.31648,Tygalgah,NSW
2485,-28.184241,153.526816,Tweed Heads West,NSW
2486,-28.215215,153.479217,Cobaki Lakes,NSW
2486,-28.215215,153.479217,Upper Duroby,NSW
2487,-28.27973,153.548588,Kingscliff,NSW
2489,-28.379066,153.56855,Pottsville Beach,NSW
2500,-34.423171,150.874294,Mount Keira,NSW
2500,-34.423171,150.874294,Wollongong North,NSW
2505,-34.466406,150.943899,Port Kembla,NSW
2508,-34.230944,150.969679,Otford,NSW
2515,-34.300293,150.9299,Scarborough,NSW
2517,-34.349362,150.891169,Woonona East,NSW
2519,-34.35558,150.709623,Balgownie,NSW
2522,-34.405103,150.877805,University Of Wollongong,NSW
2526,-34.380765,150.77681,Mount Kembla,NSW
2527,-34.583539,150.754592,Croom,NSW
2528,-34.548722,150.855135,Barrack Point,NSW
2529,-34.592433,150.84584,Dunmore,NSW
2529,-34.592433,150.84584,Shellharbour Square,NSW
2530,-34.505411,150.766132,Horsley,NSW
2533,-34.645377,150.756883,Bombo,NSW
2533,-34.645377,150.756883,Minnamurra,NSW
2534,-34.739425,150.800637,Toolijooa,NSW
2535,-34.762116,150.678303,Brogers Creek,NSW
2535,-34.762116,150.678303,Jaspers Brush,NSW
2536,-35.671272,150.125945,Bimbimbie,NSW
2536,-35.671272,150.125945,East Lynne,NSW
2536,-35.671272,150.125945,Merricumbene,NSW
2536,-35.671272,150.125945,Runnyford,NSW
2537,-35.939649,149.912199,Bingie,NSW
2537,-35.939649,149.912199,Meringo,NSW
2537,-35.939649,149.912199,Tuross Head,NSW
2538,-35.26046775,150.3399931,Porters Creek,NSW
2539,-35.55355141,150.3194887,Cockwhy,NSW
2539,-35.522387,150.393202,Kings Point,NSW
2539,-35.33902831,150.341985,Mount Kingiman,NSW
2539,-35.522387,150.393202,Yatte Yattah,NSW
2540,-34.863483,150.61644,Bewong,NSW
2540,-34.863483,150.61644,Burrier,NSW
2540,-34.863483,150.61644,Cudmirrah,NSW
2540,-34.863483,150.61644,Hmas Albatross,NSW
2540,-34.97970955,150.7700464,Kinghorne,NSW
2540,-34.863483,150.61644,Myola,NSW
2540,-34.863483,150.61644,Pyree,NSW
2540,-34.863483,150.61644,Terara,NSW
2540,-34.95901479,150.7274786,Wollumboola,NSW
2540,-34.863483,150.61644,Yerriyong,NSW
2541,-34.990592,150.450994,Nowra North,NSW
2545,-36.127663,149.792292,Nerrigundah,NSW
2546,-36.25486,150.225372,Bermagui South,NSW
2546,-36.25486,150.225372,Kianga,NSW
2546,-36.25486,150.225372,Wadbilliga,NSW
2548,-36.860723,149.894825,Tura Beach,NSW
2549,-36.953196,149.851694,Nethercote,NSW
2550,-36.737758,149.699222,Black Range,NSW
2550,-36.737758,149.699222,Chinnock,NSW
2550,-36.737758,149.699222,Frogs Hollow,NSW
2550,-36.737758,149.699222,Mogareeka,NSW
2550,-36.737758,149.699222,New Buildings,NSW
2550,-36.62033441,149.8019808,Stony Creek,NSW
2550,-36.737758,149.699222,Verona,NSW
2550,-36.737758,149.699222,Yambulla,NSW
2551,-37.267687,149.792364,Kiah,NSW
2551,-37.267687,149.792364,Wonboyn,NSW
2557,-34.01209133,150.7811469,Gledswood Hills,NSW
2559,-34.051274,150.793614,Claymore,NSW
2560,-34.194216,150.768408,Campbelltown North,NSW
2560,-34.194216,150.768408,Macarthur Square,NSW
2564,-33.998362,150.894916,Glenquarie,NSW
2566,-34.027283,150.842258,Bow Bowing,NSW
2567,-34.055155,150.756493,Currans Hill,NSW
2568,-34.147379,150.718007,Menangle,NSW
2570,-34.042913,150.525292,Camden Park,NSW
2570,-34.042913,150.525292,Grasmere,NSW
2570,-34.042913,150.525292,Orangeville,NSW
2571,-34.16715,150.622493,Buxton,NSW
2572,-34.193052,150.559186,Lakesland,NSW
2575,-34.347195,150.342214,Alpine,NSW
2575,-34.29792221,150.0663753,Goodmans Ford,NSW
2575,-34.4499186,150.473561,Renwick,NSW
2576,-34.525612,150.503502,Bowral,NSW
2577,-34.595027,150.410978,Barren Grounds,NSW
2577,-34.595027,150.410978,Burrawang,NSW
2577,-34.595027,150.410978,Macquarie Pass,NSW
2577,-34.595027,150.410978,New Berrima,NSW
2577,-34.595027,150.410978,Upper Kangaroo Valley,NSW
2579,-34.711848,150.13033,Exeter,NSW
2580,-34.726283,149.729215,Bannister,NSW
2580,-34.726283,149.729215,Currawang,NSW
2580,-34.726283,149.729215,Gundary,NSW
2580,-34.726283,149.729215,Mayfield,NSW
2580,-34.1153864,149.7321295,Paling Yards,NSW
2580,-34.726283,149.729215,Six Mile Flat,NSW
2580,-34.726283,149.729215,Towrang,NSW
2580,-34.726283,149.729215,Wowagin,NSW
2581,-34.764484,149.286631,Breadalbane,NSW
2581,-34.764484,149.286631,Lade Vale,NSW
2582,-34.75833012,148.9655031,Bango,NSW
2582,-34.862038,148.796477,Dog Trap Crossing,NSW
2582,-34.862038,148.796477,Manton,NSW
2582,-34.862038,148.796477,Tangmangaroo,NSW
2583,-34.196526,149.254163,Blanket Flat,NSW
2583,-34.196526,149.254163,Grabben Gullen,NSW
2583,-34.196526,149.254163,Limerick,NSW
2583,-34.196526,149.254163,Thalaba,NSW
2586,-34.378631,148.797264,Boorowa,NSW
2586,-34.378631,148.797264,Rye Park,NSW
2587,-34.505797,148.360971,Harden,NSW
2588,-34.599488,148.255601,Cullinga,NSW
2594,-34.231083,148.10732,Berthong,NSW
2594,-34.231083,148.10732,Milvale,NSW
2600,-35.302911,149.201072,Barton,ACT
2600,-35.302911,149.201072,Harman,ACT
2601,-35.275863,149.113796,Acton,ACT
2602,-35.248071,149.148147,Hackett,ACT
2603,-35.330382,149.125739,Griffith,ACT
2605,-35.335821,149.093455,Garran,ACT
2606,-35.351693,149.092601,Phillip,ACT
2607,-35.369991,149.094831,Pearce,ACT
2609,-35.31537,149.170023,Pialligo,ACT
2611,-35.62966271,148.6603843,Cooleman,NSW
2611,-35.2986,149.0415,Molonglo,ACT
2611,-35.322291,148.784415,Uriarra Forest,ACT
2612,-35.270615,149.133208,Braddon,ACT
2614,-35.257315,149.049796,Jamison Centre,ACT
2615,-35.215386,149.029308,Florey,ACT
2615,-35.215386,149.029308,Latham,ACT
2617,-35.231279,149.086682,Belconnen,ACT
2617,-35.231279,149.086682,Mckellar,ACT
2620,-35.381752,149.176445,Booth,ACT
2620,-35.317402,149.257101,Environa,NSW
2620,-35.317402,149.257101,Kowen Forest,ACT
2620,-35.317402,149.257101,Queanbeyan East,NSW
2620,-35.317402,149.257101,The Angle,NSW
2620,-35.56995011,149.1313792,Williamsdale,ACT
2621,-35.4698,149.484038,Primrose Valley,NSW
2622,-35.628428,149.752107,Berlang,NSW
2622,-35.04794638,150.1050797,Coolumburra,NSW
2622,-35.628428,149.752107,Hereford Hall,NSW
2622,-35.628428,149.752107,Kindervale,NSW
2622,-35.628428,149.752107,Monga,NSW
2622,-35.628428,149.752107,Oallen,NSW
2622,-35.03262153,150.2223806,St George,NSW
2622,-35.628428,149.752107,Wyanbene,NSW
2624,-36.180818,148.441281,Munyang,NSW
2626,-35.941228,149.168553,Bumbalong,NSW
2627,-36.409113,148.232341,Grosses Plain,NSW
2627,-36.409113,148.232341,Kalkite,NSW
2627,-36.441153,148.511421,Ngarigo,NSW
2628,-36.404324,148.833511,Byadbo Wilderness,NSW
2628,-36.404324,148.833511,Nimmo,NSW
2629,-35.9196,148.8527,Bolaro,NSW
2629,-35.997349,148.769744,Old Adaminaby,NSW
2630,-36.177296,149.129166,Billilingra,NSW
2630,-36.177296,149.129166,Chakola,NSW
2630,-36.177296,149.129166,Dangelong,NSW
2630,-36.177296,149.129166,Long Plain,NSW
2630,-36.177296,149.129166,Numeralla,NSW
2630,-36.177296,149.129166,Shannons Flat,NSW
2631,-36.60719832,149.1558323,Boco,NSW
2631,-36.529386,149.306729,Kybeyan,NSW
2632,-37.020122,149.220453,Bondi Forest,NSW
2632,-37.020122,149.220453,Lords Hill,NSW
2632,-37.020122,149.220453,Quidong,NSW
2640,-36.016196,147.026549,Bungowannah,NSW
2640,-36.016196,147.026549,Ournie,NSW
2640,-36.016196,147.026549,Wirlinga,NSW
2642,-36.044097,148.094043,Brocklesby,NSW
2642,-36.044097,148.094043,Jagumba,NSW
2642,-36.044097,148.094043,Tooma,NSW
2644,-35.773247,147.391271,Coppabella,NSW
2644,-35.773247,147.391271,Woomargama,NSW
2646,-35.757569,146.324523,Bull Plain,NSW
2646,-35.757569,146.324523,Goombargana,NSW
2646,-35.757569,146.324523,Rennie,NSW
2648,-33.466819,141.90794,Boeill Creek,NSW
2648,-33.05631458,143.2073097,Pan Ban,NSW
2648,-33.27956077,141.3075309,Scotia,NSW
2650,-35.07459,147.376202,Berry Jerry,NSW
2650,-35.07459,147.376202,Brucedale,NSW
2650,-35.07459,147.376202,Coursing Park,NSW
2650,-35.07459,147.376202,Euberta,NSW
2650,-35.07459,147.376202,Gregadoo,NSW
2650,-35.07459,147.376202,Maxwell,NSW
2650,-35.07459,147.376202,Rowan,NSW
2650,-35.07459,147.376202,Wagga Wagga,NSW
2650,-35.07459,147.376202,Westdale,NSW
2652,-34.58479004,146.9538087,Cowabbie,NSW
2652,-34.53721764,146.7093983,Landervale,NSW
2652,-35.405064,147.64961,Old Junee,NSW
2653,-35.776209,148.041339,Glenroy,NSW
2653,-35.56985611,147.8837054,Westdale,NSW
2656,-35.356021,146.767674,Brookdale,NSW
2656,-35.356021,146.767674,Urangeline East,NSW
2659,-35.610147,146.767477,Walla Walla,NSW
2663,-34.933478,147.716767,Cowabbie,NSW
2665,-34.313241,146.841533,Ardlethan,NSW
2665,-34.313241,146.841533,Mirrool,NSW
2666,-34.487779,147.583811,Dirnaseer,NSW
2666,-34.487779,147.583811,Pucawan,NSW
2668,-34.121499,147.405434,Barmedman,NSW
2669,-33.814887,146.667476,Naradhan,NSW
2669,-33.814887,146.667476,Weja,NSW
2671,-33.839275,147.308172,West Wyalong,NSW
2675,-33.459192,145.479249,Hillston,NSW
2678,-35.059334,147.351953,Riverina Mc,NSW
2680,-34.321422,145.914625,Griffith East,NSW
2680,-34.321422,145.914625,Warrawidgee,NSW
2700,-35.14236662,145.8939638,Bundure,NSW
2700,-34.902108,146.303599,Kywong,NSW
2701,-34.70683231,147.2465178,Berry Jerry,NSW
2705,-34.489867,146.373471,Brobenah,NSW
2705,-34.489867,146.373471,Stanbridge,NSW
2708,-35.3861,143.744,Murray Region Mc,NSW
2710,-35.357619,144.984378,Caldwell,NSW
2710,-35.357619,144.984378,Gulpa,NSW
2710,-35.357619,144.984378,Moira,NSW
2710,-35.357619,144.984378,Wakool,NSW
2711,-34.257669,144.695233,Carrathool,NSW
2711,-34.257669,144.695233,Maude,NSW
2713,-35.586342,145.52068,Blighty,NSW
2714,-35.76294,145.434084,Tocumwal,NSW
2715,-34.329424,143.491656,Penarie,NSW
2716,-35.48197899,145.7454551,Mairjimmy,NSW
2720,-35.379935,148.383619,Bombowlee Creek,NSW
2720,-35.379935,148.383619,Goobarragandra,NSW
2720,-35.379935,148.383619,Mundongo,NSW
2720,-35.379935,148.383619,Wereboldera,NSW
2722,-35.053523,148.102866,Bongalong,NSW
2722,-35.053523,148.102866,Edwardstown,NSW
2722,-35.053523,148.102866,South Gundagai,NSW
2726,-34.78436,148.326675,Jugiong,NSW
2729,-35.227753,147.923797,Bangadang,NSW
2729,-35.227753,147.923797,Mount Adrah,NSW
2729,-35.227753,147.923797,Westwood,NSW
2730,-35.510039,148.034012,Lower Bago,NSW
2732,-35.542622,144.230168,Burraboi,NSW
2733,-35.013711,144.206139,Moulamein,NSW
2734,-35.10473046,143.7613874,Mallan,NSW
2734,-35.03529204,143.6562244,Tooranie,NSW
2737,-34.574113,142.87381,Benanee,NSW
2739,-34.15375195,142.1056955,Boeill Creek,NSW
2745,-33.871341,150.671487,Regentville,NSW
2747,-33.722323,150.739398,Kingswood,NSW
2748,-33.811042,150.72319,Orchard Hills,NSW
2750,-33.755476,150.678551,Penrith,NSW
2752,-33.936534,150.585995,Warragamba,NSW
2753,-33.604022,150.646053,Londonderry,NSW
2756,-33.466271,150.88744,Bligh Park,NSW
2756,-33.46471971,150.8949988,Cumberland Reach,NSW
2756,-33.466271,150.88744,Mcgraths Hill,NSW
2756,-33.466271,150.88744,Scheyville,NSW
2756,-33.23594291,150.8001824,Womerah,NSW
2758,-33.483614,150.601824,Kurrajong Heights,NSW
2759,-33.82252,150.781767,St Clair,NSW
2760,-33.763976,150.780073,St Marys South,NSW
2761,-33.742006,150.84746,Plumpton,NSW
2765,-33.663002,150.860258,Berkshire Park,NSW
2765,-33.663002,150.860258,Nelson,NSW
2767,-33.77972161,150.8651828,Bungarribee,NSW
2770,-33.756443,150.810246,Bidwill,NSW
2770,-33.756443,150.810246,Mount Druitt,NSW
2773,-33.768837,150.626788,Lapstone,NSW
2775,-33.305478,150.918639,Gunderman,NSW
2775,-33.14502192,151.0693014,Mogo Creek,NSW
2775,-33.305478,150.918639,Wisemans Ferry,NSW
2777,-33.692534,150.587962,Winmalee,NSW
2780,-33.832923,150.435639,Leura,NSW
2785,-33.707725,150.181517,Blackheath,NSW
2786,-33.533055,150.317795,Mount Victoria,NSW
2787,-34.06024,150.153221,Chatham Valley,NSW
2787,-34.06024,150.153221,Jaunter,NSW
2787,-34.06024,150.153221,Mount Werong,NSW
2787,-34.06024,150.153221,The Meadows,NSW
2790,-33.310653,150.356874,Corney Town,NSW
2790,-33.310653,150.356874,Hartley Vale,NSW
2790,-33.310653,150.356874,Lithgow,NSW
2790,-33.46774778,150.1677602,Morts Estate,NSW
2790,-33.310653,150.356874,Rydal,NSW
2790,-33.49009916,150.1850644,Vale Of Clwydd,NSW
2793,-33.783955,148.90873,Darbys Falls,NSW
2794,-33.898505,148.664838,Mount Collins,NSW
2795,-33.820797,149.474401,Arkstone,NSW
2795,-33.820797,149.474401,Box Ridge,NSW
2795,-33.820797,149.474401,Clear Creek,NSW
2795,-33.820797,149.474401,Dog Rocks,NSW
2795,-33.820797,149.474401,Forest Grove,NSW
2795,-33.820797,149.474401,Glanmire,NSW
2795,-33.820797,149.474401,Kelso,NSW
2795,-33.820797,149.474401,Meadow Flat,NSW
2795,-33.820797,149.474401,Mount Rankin,NSW
2795,-33.820797,149.474401,Orton Park,NSW
2795,-33.820797,149.474401,Rock Forest,NSW
2795,-33.820797,149.474401,Tambaroora,NSW
2795,-33.820797,149.474401,Turondale,NSW
2795,-33.820797,149.474401,West Bathurst,NSW
2795,-33.820797,149.474401,Yarras,NSW
2798,-33.462193,149.158755,Forest Reefs,NSW
2799,-33.571335,149.267666,Browns Creek,NSW
2800,-33.233929,149.116263,Bletchington,NSW
2800,-33.233929,149.116263,Calare,NSW
2800,-33.233929,149.116263,Cullya,NSW
2800,-33.233929,149.116263,Kerrs Creek,NSW
2800,-33.233929,149.116263,Mullion Creek,NSW
2800,-33.2873,149.095,Orange Moulder Street,NSW
2800,-33.233929,149.116263,Suma Park,NSW
2803,-34.176731,148.523704,Bendick Murrell,NSW
2804,-33.539564,148.633991,Nyrang Creek,NSW
2809,-33.972859,148.432316,Greenethorpe,NSW
2810,-33.902869,148.054607,Pullabooka,NSW
2818,-32.4439,148.7315,Terrabella,NSW
2820,-32.553282,148.989227,Dripstone,NSW
2820,-32.553282,148.989227,Mookerawa,NSW
2820,-32.553282,148.989227,Spicers Creek,NSW
2821,-32.255249,148.110385,Burroway,NSW
2823,-32.07687,147.838499,Dandaloo,NSW
2824,-31.373201,147.785831,Mount Foster,NSW
2824,-31.73454528,147.7943646,Red Hill,NSW
2825,-31.934883,147.30573,Canonba,NSW
2825,-32.0108815,146.7678758,Pangee,NSW
2827,-31.63315,148.648353,Collie,NSW
2828,-31.298962,148.581142,Gulargambone,NSW
2829,-30.766245,148.261265,Conimbia,NSW
2829,-30.766245,148.261265,Teridgerie,NSW
2830,-32.24224,148.657282,Boothenba,NSW
2830,-32.24224,148.657282,Dubbo East,NSW
2830,-32.24224,148.657282,Manera Heights,NSW
2830,-32.24224,148.657282,Terramungamine,NSW
2831,-31.927892,146.615174,Brenda,NSW
2831,-31.927892,146.615174,Geurie,NSW
2831,-31.927892,146.615174,Neilrex,NSW
2831,-31.927892,146.615174,Terrabella,NSW
2832,-29.958521,147.983033,Bulyeroi,NSW
2834,-29.12157608,147.9287091,Angledool,NSW
2835,-31.551822,145.406579,Irymple,NSW
2836,-31.498123,143.270562,Gemville,NSW
2839,-29.8371247,147.3208465,Narran Lake,NSW
2840,-30.08082971,145.2166226,Gumbalie,NSW
2840,-30.205908,145.251371,Wanaaring,NSW
2844,-31.924969,149.319295,Birriwa,NSW
2846,-33.071806,150.118609,Capertee,NSW
2848,-32.901412,149.964131,Charbon,NSW
2849,-32.708935,150.059088,Camboon,NSW
2849,-32.708935,150.059088,Dunville Loop,NSW
2849,-32.708935,150.059088,Murrumbo,NSW
2849,-32.708935,150.059088,Upper Bylong,NSW
2850,-32.685033,149.602925,Bara,NSW
2850,-32.685033,149.602925,Budgee Budgee,NSW
2850,-32.685033,149.602925,Cooyal,NSW
2850,-32.685033,149.602925,Frog Rock,NSW
2850,-32.685033,149.602925,Havilah,NSW
2850,-32.685033,149.602925,Long Creek,NSW
2850,-32.685033,149.602925,Mogo,NSW
2850,-32.685033,149.602925,Munghorn,NSW
2850,-32.685033,149.602925,Running Stream,NSW
2850,-32.685033,149.602925,Totnes Valley,NSW
2850,-32.685033,149.602925,Wilpinjong,NSW
2852,-32.280785,149.45909,Beryl,NSW
2852,-32.40035665,149.4469032,Guntawang,NSW
2864,-33.340269,148.731814,Bowan Park,NSW
2866,-33.007264,148.904531,Amaroo,NSW
2866,-33.007264,148.904531,The Shades,NSW
2867,-32.965877,148.611239,Yullundry,NSW
2869,-32.584028,148.266655,Tomingley,NSW
2870,-33.035496,148.16819,Cookamidgera,NSW
2870,-33.035496,148.16819,Mickibri,NSW
2871,-33.476768,147.811688,Bandon,NSW
2871,-33.476768,147.811688,Cumbijowa,NSW
2871,-33.476768,147.811688,Mulyandry,NSW
2873,-32.269414,147.260419,Albert,NSW
2875,-32.915604,147.603587,Bruie Plains,NSW
2876,-33.159023,147.772834,Botfields,NSW
2877,-32.844998,146.085138,Derriwong,NSW
2877,-32.844998,146.085138,Mount Hope,NSW
2878,-32.823221,144.495401,Trida,NSW
2880,-30.88847002,141.2505149,Broughams Gate,NSW
2880,-29.89347499,141.5718884,Milparinka,NSW
2880,-30.170441,142.203381,Tibooburra,NSW
2900,-35.41891,149.063805,Greenway,ACT
2903,-35.402705,149.081776,Wanniassa,ACT
2905,-35.431011,149.110025,Chisholm,ACT
2906,-35.45676,149.08972,Gordon,ACT
2913,-35.201802,149.132349,Ginninderra Village,ACT
2914,-35.170334,149.125877,Forde,ACT
3002,-37.81443733,144.9825846,East Melbourne,VIC
3006,-37.823258,144.965926,Southbank,VIC
3012,-37.807135,144.861162,Kingsville,VIC
3015,-37.838242,144.880556,Newport,VIC
3019,-37.784683,144.854014,Braybrook,VIC
3020,-37.79809941,144.8110787,Sunshine West,VIC
3023,-37.78272,144.770641,Burnside,VIC
3024,-37.75045631,144.649936,Fieldstone,VIC
3025,-37.835562,144.839704,Altona North,VIC
3028,-37.875066,144.777165,Laverton,VIC
3030,-37.91624,144.64209,Point Cook,VIC
3032,-37.774486,144.897221,Highpoint City,VIC
3037,-37.715579,144.780474,Calder Park,VIC
3038,-37.700454,144.766873,Keilor Lodge,VIC
3041,-37.731464,144.904815,Cross Keys,VIC
3042,-37.727529,144.866305,Niddrie,VIC
3045,-37.674739,144.836195,Melbourne Airport,VIC
3048,-37.653917,144.923609,Coolaroo,VIC
3052,-37.788996,144.948903,Melbourne University,VIC
3055,-37.763584,144.942222,Brunswick West,VIC
3057,-37.770012,144.97728,Lygon Street North,VIC
3059,-37.639887,144.879626,Greenvale,VIC
3063,-37.595015,144.856082,Yuroke,VIC
3066,-37.804846,144.986906,Collingwood,VIC
3071,-37.759426,145.007006,Thornbury,VIC
3072,-37.74247,145.005702,Regent West,VIC
3074,-37.684684,145.006644,Thomastown,VIC
3079,-37.772675,145.048573,Ivanhoe,VIC
3082,-37.664858,145.065658,Mill Park,VIC
3084,-37.744406,145.082685,Rosanna,VIC
3087,-37.711787,145.082426,Watsonia North,VIC
3091,-37.637478,145.136688,Yarrambat,VIC
3097,-37.695254,145.224204,Bend Of Islands,VIC
3099,-37.592101,145.192854,Strathewen,VIC
3103,-37.811738,145.074116,Deepdene Dc,VIC
3107,-37.765225,145.110677,Templestowe Lower,VIC
3113,-37.752123,145.204689,North Warrandyte,VIC
3121,-37.823303,145.001788,Cremorne,VIC
3122,-37.822725,145.030602,Glenferrie South,VIC
3124,-37.840867,145.068191,Camberwell North,VIC
3125,-37.851305,145.101,Surrey Hills South,VIC
3128,-37.828866,145.122393,Box Hill Central,VIC
3130,-37.81805,145.149653,Blackburn,VIC
3132,-37.819222,145.196686,Mitcham,VIC
3134,-37.796091,145.232557,Ringwood North,VIC
3136,-37.779876,145.282396,Croydon Hills,VIC
3139,-37.814506,145.532666,Don Valley,VIC
3139,-37.814506,145.532666,Woori Yallock,VIC
3142,-37.84411,145.017732,Toorak,VIC
3145,-37.873557,145.049328,Central Park,VIC
3147,-37.867864,145.092946,Ashburton,VIC
3149,-37.880748,145.128118,Pinewood,VIC
3152,-37.864951,145.221695,Knox City Centre,VIC
3155,-37.861799,145.284418,Boronia,VIC
3159,-37.921894,145.3892,Menzies Creek,VIC
3161,-37.873733,145.019929,Caulfield North,VIC
3163,-37.896497,145.057237,Murrumbeena,VIC
3166,-37.902805,145.089719,Oakleigh East,VIC
3170,-37.920945,145.167859,Waverley Gardens,VIC
3174,-37.966218,145.17877,Noble Park East,VIC
3175,-38.016114,145.208504,Dunearn,VIC
3181,-37.854683,144.995504,Prahran,VIC
3183,-37.869072,144.999026,St Kilda East,VIC
3186,-37.915066,144.996329,Brighton North,VIC
3188,-37.938889,145.007238,Hampton North,VIC
3192,-37.965655,145.0623,Cheltenham East,VIC
3194,-37.985059,145.067356,Mentone,VIC
3195,-38.007024,145.104105,Mordialloc North,VIC
3197,-38.072748,145.134111,Carrum,VIC
3199,-38.162578,145.135961,Frankston South,VIC
3204,-37.916956,145.036783,Bentleigh,VIC
3206,-37.846534,144.95086,Middle Park,VIC
3213,-37.9406,144.2894,Anakie,VIC
3215,-38.111002,144.33452,Bell Park,VIC
3216,-38.215906,144.334005,Belmont,VIC
3216,-38.215906,144.334005,Wandana Heights,VIC
3218,-38.13028025,144.2894883,Fyansford,VIC
3219,-38.17277,144.389533,East Geelong,VIC
3220,-38.157038,144.34652,Newtown,VIC
3221,-38.181608,144.427419,Fyansford,VIC
3221,-38.181608,144.427419,Moorabool,VIC
3221,-38.181608,144.427419,Wongarra,VIC
3222,-38.22638039,144.5118946,Wallington,VIC
3225,-38.271074,144.614191,Point Lonsdale,VIC
3227,-38.263052,144.40814,Connewarre,VIC
3231,-38.47820971,144.0079299,Big Hill,VIC
3233,-38.679417,143.671777,Cape Otway,VIC
3234,-38.58813123,143.8732037,Separation Creek,VIC
3235,-38.411964,143.924288,Pennyroyal,VIC
3237,-38.716838,143.474392,Wattle Hill,VIC
3238,-38.781787,143.429978,Lavers Hill,VIC
3240,-38.263005,144.174411,Modewarre,VIC
3241,-38.20363,143.892824,Winchelsea,VIC
3243,-38.364034,143.82588,Warncoort,VIC
3249,-38.388291,143.557159,Coragulac,VIC
3249,-38.388291,143.557159,Irrewillipe East,VIC
3249,-38.388291,143.557159,Swan Marsh,VIC
3250,-38.311513,143.584742,Colac East,VIC
3251,-38.155186,143.648479,Weering,VIC
3260,-38.209584,143.244766,Chocolyn,VIC
3260,-38.209584,143.244766,Skibo,VIC
3265,-38.178237,142.952372,Boorcan,VIC
3265,-38.178237,142.952372,Garvoc,VIC
3265,-38.178237,142.952372,Noorat East,VIC
3266,-38.407094,143.133721,Elingamite,VIC
3267,-38.466647,143.06073,Scotts Creek,VIC
3268,-38.51854992,142.8644071,Curdievale,VIC
3268,-38.535802,142.908911,Nullawarre East,VIC
3269,-38.660637,143.177116,Princetown,VIC
3272,-37.982186,142.853634,Woorndoo,VIC
3277,-38.389835,142.660221,Allansford,VIC
3278,-38.29668931,142.554533,Purnim West,VIC
3280,-38.37884,142.482889,Warrnambool West,VIC
3283,-38.313434,142.328761,Crossley,VIC
3283,-38.313434,142.328761,Willatook,VIC
3285,-38.290199,142.058916,Rosebrook,VIC
3286,-38.036038,141.963223,Knebsworth,VIC
3289,-37.99193127,142.1980995,Gerrigerrup,VIC
3293,-37.655945,142.527253,Narrapumelap South,VIC
3294,-37.573978,142.312764,Woodhouse,VIC
3301,-38.118855,142.034141,Croxton East,VIC
3301,-38.118855,142.034141,Wannon,VIC
3303,-37.980868,141.789606,Condah,VIC
3304,-38.182084,141.952156,Drik Drik,VIC
3304,-38.182084,141.952156,Mumbannar,VIC
3305,-38.235475,141.437227,Dutton Way,VIC
3305,-38.235475,141.437227,Portland West,VIC
3311,-37.468159,141.229722,Puralka,VIC
3312,-37.6391,141.365747,Dunrobin,VIC
3312,-37.6391,141.365747,Poolaijelo,VIC
3314,-37.586718,141.935665,Bulart,VIC
3315,-37.408371,141.687516,Clover Flat,VIC
3315,-37.408371,141.687516,Konongwootong,VIC
3315,-37.408371,141.687516,Tarrayoukyan,VIC
3318,-37.025316,141.269571,Jallakin,VIC
3319,-36.873961,141.051389,Benayeo,VIC
3323,-38.026314,143.520934,Duverney,VIC
3325,-37.877452,143.185911,Vite Vite,VIC
3331,-38.049195,144.194625,Bannockburn,VIC
3332,-37.944446,144.097178,Lethbridge,VIC
3334,-37.75803,144.086089,Mount Doran,VIC
3336,-37.7332,144.7041,Deanside,VIC
3338,-37.705529,144.571033,Brookfield,VIC
3340,-37.787135,144.394442,Bacchus Marsh,VIC
3340,-37.787135,144.394442,Long Forest,VIC
3341,-37.573711,144.308232,Greendale,VIC
3342,-37.651463,144.239102,Bunding,VIC
3350,-37.571941,143.864505,Alfredton,VIC
3350,-37.571941,143.864505,Black Hill,VIC
3350,-37.55411084,143.769084,Lucas,VIC
3350,-37.571941,143.864505,Soldiers Hill,VIC
3351,-37.758248,143.637463,Haddon,VIC
3351,-37.758248,143.637463,Mount Emu,VIC
3351,-37.758248,143.637463,Ross Creek,VIC
3351,-37.758248,143.637463,Streatham,VIC
3352,-37.482132,143.662387,Bolwarrah,VIC
3352,-37.482132,143.662387,Cambrian Hill,VIC
3352,-37.482132,143.662387,Corindhap,VIC
3352,-37.482132,143.662387,Garibaldi,VIC
3352,-37.482132,143.662387,Lamplough,VIC
3352,-37.482132,143.662387,Miners Rest,VIC
3352,-37.482132,143.662387,Mount Rowan,VIC
3352,-37.482132,143.662387,Sulky,VIC
3352,-37.482132,143.662387,Windermere,VIC
3355,-37.530285,143.82561,Wendouree,VIC
3357,-37.653945,143.883416,Yarrowee,VIC
3361,-37.752643,143.373089,Bradvale,VIC
3363,-37.420588,143.88637,Langdons Hill,VIC
3364,-37.334655,143.907186,Blampied,VIC
3364,-37.08856117,143.9880643,Joyces Creek,VIC
3364,-37.334655,143.907186,Rocklyn,VIC
3364,-37.334655,143.907186,Werona,VIC
3371,-37.196938,143.635622,Caralulup,VIC
3371,-37.196938,143.635622,Talbot,VIC
3373,-37.457785,143.343429,Mena Park,VIC
3373,-37.457785,143.343429,Waterloo,VIC
3377,-37.231524,142.956916,Ararat,VIC
3377,-37.231524,142.956916,Denicull Creek,VIC
3377,-37.231524,142.956916,Maroona,VIC
3377,-37.231524,142.956916,Rocky Point,VIC
3379,-37.534037,142.521439,Bornes Hill,VIC
3379,-37.534037,142.521439,Willaura North,VIC
3381,-36.988914,142.7154,Barkly,VIC
3381,-36.988914,142.7154,Concongella,VIC
3381,-36.988914,142.7154,Joel Joel,VIC
3381,-36.988914,142.7154,Morrl Morrl,VIC
3381,-36.988914,142.7154,Wallaloo East,VIC
3384,-37.000261,143.126344,Landsborough West,VIC
3385,-36.904185,142.647565,Glenorchy,VIC
3387,-36.82285865,142.7940368,Callawadda,VIC
3387,-36.86638119,142.8949426,Morrl Morrl,VIC
3391,-36.092132,142.446015,Brim,VIC
3393,-36.257725,142.387341,Bangerang,VIC
3393,-36.257725,142.387341,Willenabrina,VIC
3396,-35.7157,142.329159,Yarto,VIC
3400,-36.725245,142.203729,Wartook,VIC
3401,-36.881534,141.940832,Clear Lake,VIC
3401,-36.881534,141.940832,Gymbowen,VIC
3401,-36.881534,141.940832,Kanagulk,VIC
3401,-36.881534,141.940832,Mitre,VIC
3401,-36.881534,141.940832,Quantong,VIC
3401,-36.881534,141.940832,Toolondo,VIC
3401,-36.881534,141.940832,Zumsteins,VIC
3409,-36.72484337,141.8632367,Arapiles,VIC
3409,-36.71831242,141.7727332,Mitre,VIC
3413,-36.699331,141.201068,Neuarpurr,VIC
3415,-36.352459,141.339702,Yarrunga,VIC
3418,-36.074144,141.538074,Lorquon,VIC
3420,-36.41273,141.017332,Telopea Downs,VIC
3427,-37.643461,144.707974,Plumpton,VIC
3433,-37.413302,144.752095,Monegeetta,VIC
3435,-37.179453,144.743358,Lancefield,VIC
3441,-37.399224,144.603892,Mount Macedon,VIC
3442,-37.330661,144.548846,Newham,VIC
3444,-37.171788,144.544716,Edgecombe,VIC
3444,-37.171788,144.544716,Lyal,VIC
3444,-37.171788,144.544716,Redesdale,VIC
3447,-37.157744,144.322487,Taradale,VIC
3451,-37.125338,144.21419,Campbells Creek,VIC
3451,-37.125338,144.21419,Gower,VIC
3451,-37.125338,144.21419,Woodbrook,VIC
3458,-37.424116,144.33471,Blackwood,VIC
3458,-37.424116,144.33471,Trentham East,VIC
3461,-37.287848,144.170995,Denver,VIC
3461,-37.287848,144.170995,Hepburn,VIC
3461,-37.287848,144.170995,Musk Vale,VIC
3461,-37.287848,144.170995,Wheatsheaf,VIC
3462,-37.083561,144.053611,Sandon,VIC
3463,-36.957983,144.05651,Laanecoorie,VIC
3463,-36.957983,144.05651,Tarrengower,VIC
3465,-37.021478,143.611335,Bung Bong,VIC
3465,-37.021478,143.611335,Homebush,VIC
3465,-37.021478,143.611335,Rathscar West,VIC
3467,-37.105993,143.412675,Moyreisk,VIC
3469,-37.172964,143.280627,Nowhere Creek,VIC
3472,-36.864952,143.657638,Goldsborough,VIC
3475,-36.70633,143.51213,Bealiba,VIC
3477,-36.688551,143.230699,Carapooee,VIC
3477,-36.61840529,142.8997503,Grays Bridge,VIC
3477,-37.105993,143.412675,Moyreisk,VIC
3477,-36.688551,143.230699,Stuart Mill,VIC
3478,-36.688551,143.230699,Avon Plains,VIC
3478,-36.688551,143.230699,Darkbonee,VIC
3478,-36.688551,143.230699,Gre Gre South,VIC
3478,-36.688551,143.230699,Slaty Creek,VIC
3478,-36.688551,143.230699,Tanwood,VIC
3480,-36.31227,142.968057,Banyenong,VIC
3480,-36.32166578,143.0409276,Gil Gil,VIC
3480,-36.31227,142.968057,Lawler,VIC
3482,-36.17028,142.766588,Morton Plains,VIC
3483,-35.901765,142.890804,Curyo,VIC
3483,-35.901765,142.890804,Whirily,VIC
3488,-35.47089941,142.4522756,Turriff,VIC
3490,-34.70931565,141.4764416,Murray-Sunset,VIC
3494,-34.486406,142.348315,Iraak,VIC
3496,-34.192418,141.597936,Murray Lock No 9,VIC
3500,-34.1931,142.154161,Mildura East,VIC
3501,-34.243279,142.100896,Nichols Point,VIC
3505,-34.180532,142.004192,Wargan,VIC
3512,-35.39199,141.121226,Murrayville,VIC
3516,-36.607616,144.041722,Bridgewater On Loddon,VIC
3517,-36.483116,143.886832,Glenalbyn,VIC
3517,-36.483116,143.886832,Salisbury West,VIC
3518,-36.474937,143.586215,Kurraca,VIC
3518,-36.474937,143.586215,Wedderburn Junction,VIC
3521,-37.090071,144.912693,Pyalong,VIC
3523,-36.837461,144.768359,Heathcote,VIC
3525,-36.2835,143.364316,Barrakee,VIC
3525,-36.2835,143.364316,Lake Marmal,VIC
3525,-36.2835,143.364316,Wychitella North,VIC
3527,-36.00182588,143.4513232,Jeruk,VIC
3527,-36.07096,143.241334,Wycheproof,VIC
3530,-35.701439,143.152747,Warne,VIC
3533,-35.53651946,142.7557043,Myall,VIC
3533,-35.32433058,142.5758665,Tyenna,VIC
3537,-36.079335,143.744455,Catumnal,VIC
3540,-35.89277,143.45008,Oakvale,VIC
3544,-35.487989,143.14445,Gowanford,VIC
3546,-35.060163,142.850456,Chinkapook,VIC
3549,-34.766049,142.820973,Bannerton,VIC
3549,-34.664554,142.759585,Robinvale Irrigation District Section E,VIC
3550,-36.764269,144.285267,East Bendigo,VIC
3550,-36.764269,144.285267,Sandhurst East,VIC
3551,-36.78137,144.457937,Arnold West,VIC
3551,-36.78137,144.457937,Cornella,VIC
3551,-36.78137,144.457937,Junortoun,VIC
3551,-36.78137,144.457937,Maiden Gully,VIC
3551,-36.78137,144.457937,Myola East,VIC
3551,-36.78137,144.457937,Tarnagulla,VIC
3555,-36.777226,144.245239,Big Hill,VIC
3556,-36.656422,144.178282,Campbells Forest,VIC
3556,-36.656422,144.178282,Sebastian,VIC
3557,-36.63511,144.576787,Muskerry East,VIC
3559,-36.570077,144.805307,Avonmore,VIC
3559,-36.570077,144.805307,Runnymede,VIC
3561,-36.321109,144.709543,Fairy Dell,VIC
3563,-36.256251,144.515589,Lockington,VIC
3564,-36.168997,144.728806,Echuca West,VIC
3564,-36.168997,144.728806,Wharparilla,VIC
3568,-35.809462,144.184089,Cullen,VIC
3568,-35.809462,144.184089,Mincha West,VIC
3570,-36.515303,144.28053,Summerfield,VIC
3572,-36.266642,144.257135,Piavella,VIC
3573,-36.164865,144.297958,Terrick Terrick East,VIC
3575,-36.055725,144.159028,Pyramid Hill,VIC
3579,-35.767974,143.769445,Bael Bael,VIC
3579,-35.767974,143.769445,Fairley,VIC
3579,-35.767974,143.769445,Meering West,VIC
3579,-35.767974,143.769445,Pine View,VIC
3580,-35.639761,144.094672,Koondrook,VIC
3585,-35.348388,143.336906,Chillingollah,VIC
3585,-35.348388,143.336906,Pira,VIC
3586,-35.114021,143.792594,Bulga,VIC
3586,-35.114021,143.792594,Ultima East,VIC
3595,-35.202752,143.351682,Nyah West,VIC
3597,-34.965359,143.189786,Narrung,VIC
3608,-36.740713,145.095753,Graytown,VIC
3610,-36.577628,145.229349,Moorilim,VIC
3612,-36.575936,145.019312,Waranga,VIC
3616,-36.464118,145.145217,Girgarre East,VIC
3617,-36.423823,145.178369,Byrneside,VIC
3620,-36.284584,145.082735,St Germains,VIC
3621,-36.28071633,145.0055758,Kyvalley,VIC
3623,-36.461381,144.976813,Stanhope,VIC
3629,-36.287306,145.260653,Undera,VIC
3630,-36.380853,145.403176,Shepparton South,VIC
3631,-36.428694,145.526693,Karramomus,VIC
3631,-36.428694,145.526693,Shepparton East,VIC
3634,-36.224186,145.440315,Katandra,VIC
3635,-36.142596,145.30827,Mundoona,VIC
3637,-36.050686,145.329026,Yalca,VIC
3639,-36.021295,145.047253,Picola West,VIC
3644,-35.945353,145.632682,Barooga,NSW
3646,-36.247446,145.704042,Dookie,VIC
3646,-36.247446,145.704042,Youanmite,VIC
3658,-37.241401,145.111854,Hazeldene,VIC
3659,-37.110344,145.07088,Sugarloaf Creek,VIC
3660,-37.035925,145.257867,Kerrisdale,VIC
3661,-38.195993,146.535346,Seymour,VIC
3665,-36.844091,145.357627,Longwood,VIC
3666,-36.786777,145.565512,Kelvin View,VIC
3666,-36.786777,145.565512,Riggs Creek,VIC
3669,-36.625333,145.708668,Creek Junction,VIC
3669,-36.49668169,145.8003272,Upotipotpon,VIC
3672,-36.554936,145.977761,Benalla West,VIC
3673,-36.669929,146.062514,Lima East,VIC
3673,-36.669929,146.062514,Tatong,VIC
3675,-36.565078,146.266835,Boweya North,VIC
3675,-36.565078,146.266835,Mount Bruno,VIC
3678,-36.68892,146.482439,Bobinawarrah,VIC
3678,-36.68892,146.482439,Cheshunt South,VIC
3678,-36.68892,146.482439,Everton Upper,VIC
3678,-36.68892,146.482439,Milawa,VIC
3678,-36.68892,146.482439,Tarrawingee,VIC
3682,-36.174271,146.428656,Boralma,VIC
3683,-36.180787,146.604622,Indigo,VIC
3685,-36.056449,146.470638,Great Southern,VIC
3688,-36.119195,146.717193,Barnawartha,VIC
3690,-36.135717,146.864361,Wodonga Plaza,VIC
3691,-36.027154,147.880991,Bethanga,VIC
3691,-36.027154,147.880991,Gateway Island,VIC
3691,-36.027154,147.880991,Kergunyah,VIC
3691,-36.027154,147.880991,Lucyvale,VIC
3691,-36.027154,147.880991,Tangambalanga,VIC
3695,-36.304285,147.123674,Huon,VIC
3699,-36.844307,147.299257,Mount Beauty,VIC
3701,-36.638769,147.476819,Dartmouth,VIC
3701,-36.638769,147.476819,Shelley,VIC
3707,-36.586316,148.037958,Biggara,VIC
3707,-36.59561902,148.0805746,Tom Groggin,VIC
3709,-36.01189247,147.8327575,Pine Mountain,VIC
3713,-37.20794843,145.880225,Taylor Bay,VIC
3714,-37.210538,145.687889,Koriella,VIC
3717,-37.286611,145.435776,Flowerdale,VIC
3717,-37.286611,145.435776,Yea,VIC
3722,-37.202634,146.253268,Barwite,VIC
3723,-36.894465,146.256507,Delatite,VIC
3723,-36.894465,146.256507,Howqua Inlet,VIC
3723,-36.894465,146.256507,Merrijig,VIC
3723,-36.894465,146.256507,Woods Point,VIC
3726,-36.332254,145.960209,Bungeet,VIC
3727,-36.242443,145.957776,St James,VIC
3730,-36.051782,145.974755,Bathumi,VIC
3730,-36.051782,145.974755,Telford,VIC
3735,-36.515712,146.603574,Whorouly,VIC
3737,-36.554037,146.82759,Dandongadale,VIC
3737,-36.554037,146.82759,Myrtleford,VIC
3740,-36.731686,146.834561,Buckland,VIC
3741,-36.962316,147.063163,Hotham Heights,VIC
3747,-36.361056,146.725705,Hurdle Flat,VIC
3749,-36.357399,146.842075,Yackandandah,VIC
3754,-37.593554,145.112985,Mernda,VIC
3756,-37.41233,144.956641,Wallan East,VIC
3757,-37.469784,145.182221,Whittlesea,VIC
3763,-37.521863,145.353378,Kinglake,VIC
3764,-37.263736,144.900644,Moranding,VIC
3770,-37.708784,145.416004,Gruyere,VIC
3777,-37.606088,145.513804,Badger Creek,VIC
3777,-37.606088,145.513804,Toolangi,VIC
3781,-37.938471,145.487862,Nangana,VIC
3786,-37.878188,145.332431,Ferny Creek,VIC
3793,-37.874533,145.429715,Monbulk,VIC
3797,-37.867809,145.786343,Yarra Junction,VIC
3799,-37.727566,145.818512,Wesburn,VIC
3805,-38.037026,145.304198,Narre Warren,VIC
3808,-38.002518,145.42327,Dewhurst,VIC
3812,-38.070135,145.565304,Maryknoll,VIC
3814,-38.10718,145.669112,Garfield North,VIC
3816,-38.043542,145.787991,Longwarry,VIC
3818,-38.096289,145.867337,Drouin West,VIC
3820,-38.207476,145.922212,Warragul,VIC
3821,-37.919937,145.945214,Ferndale,VIC
3821,-37.919937,145.945214,Rokeby,VIC
3822,-38.194379,145.989901,Cloverlea,VIC
3824,-38.245649,146.16397,Narracan,VIC
3825,-38.0485774,146.4605642,Boola,VIC
3825,-37.978862,146.342932,Hernes Oak,VIC
3825,-37.978862,146.342932,Newborough,VIC
3825,-37.978862,146.342932,Thomson,VIC
3825,-37.978862,146.342932,Yallourn North,VIC
3833,-37.84222154,145.851865,Ada,VIC
3833,-37.829347,146.077886,Noojee,VIC
3840,-38.245215,146.424457,Hazelwood,VIC
3840,-38.245215,146.424457,Morwell,VIC
3844,-38.316869,146.607101,Callignee North,VIC
3844,-38.316869,146.607101,Koornalla,VIC
3844,-38.316869,146.607101,Willung South,VIC
3850,-38.224191,147.106181,Guthridge,VIC
3851,-38.035548,147.084398,Cobains,VIC
3851,-38.035548,147.084398,Giffard West,VIC
3851,-38.035548,147.084398,Montgomery,VIC
3851,-38.035548,147.084398,Stradbroke,VIC
3854,-38.12413,146.596877,Glengarry,VIC
3858,-37.49088696,146.7706256,Buragwonduc,VIC
3858,-37.821756,146.576101,Glenmaggie,VIC
3858,-37.821756,146.576101,Seaton,VIC
3859,-37.886136,146.848259,Newry,VIC
3860,-37.72619419,146.9425755,Koorool,VIC
3860,-37.61645458,147.0534386,Toolome,VIC
3862,-37.597551,147.228456,Cobbannah,VIC
3862,-37.597551,147.228456,Meerlieu,VIC
3862,-37.597551,147.228456,Waterford,VIC
3869,-38.364689,146.359836,Yinnar,VIC
3870,-38.437946,146.319351,Johnstones Hill,VIC
3871,-38.42207,146.158866,Dollar,VIC
3874,-38.514438,146.836248,Cherrilong,VIC
3875,-37.826032,147.63201,Bengworden,VIC
3875,-37.81289131,147.63201,Eastwood,VIC
3875,-37.826032,147.63201,Hillside,VIC
3875,-37.826032,147.63201,Merrijig,VIC
3875,-37.826032,147.63201,Waterholes,VIC
3880,-37.914728,147.727389,Ocean Grange,VIC
3885,-37.291807,148.118511,Buchan South,VIC
3885,-37.291807,148.118511,Timbarra,VIC
3886,-37.770977,148.426851,Newmerella,VIC
3888,-37.39051,148.660943,Bonang,VIC
3888,-37.39051,148.660943,Delegate River East,VIC
3888,-37.39051,148.660943,Martins Creek,VIC
3888,-37.39051,148.660943,Waygara,VIC
3889,-37.610841,148.873952,Combienbar,VIC
3890,-37.566489,149.217216,Noorinbee North,VIC
3891,-37.567684,149.538907,Wallagaraugh,VIC
3893,-37.495349,147.866067,Tambo Crossing,VIC
3896,-37.264671,147.707962,Brookville,VIC
3898,-37.066169,147.464799,Bundara,VIC
3898,-37.066169,147.464799,Omeo,VIC
3902,-37.797042,147.814894,Johnsonville,VIC
3909,-37.821921,147.970237,Lakes Entrance,VIC
3912,-38.217991,145.227373,Pearcedale,VIC
3916,-38.415199,145.050587,Shoreham,VIC
3921,-38.419488,145.367079,Tankerton,VIC
3922,-38.482182,145.231974,Surf Beach,VIC
3925,-38.528213,145.379683,San Remo,VIC
3929,-38.460965,144.976673,Flinders,VIC
3936,-38.326447,145.007626,Dromana,VIC
3939,-38.42776,144.900413,Fingal,VIC
3941,-38.396077,144.827203,Tootgarook,VIC
3945,-38.381582,145.697053,Loch,VIC
3950,-38.435217,145.812945,Whitelaw,VIC
3951,-38.47372,145.798419,Outtrim,VIC
3953,-38.460127,145.995174,Leongatha North,VIC
3953,-38.460127,145.995174,Trida,VIC
3956,-38.66471384,145.927163,Middle Tarwin,VIC
3956,-38.597018,145.955341,Walkerville South,VIC
3959,-38.734636,146.066529,Sandy Point,VIC
3960,-39.140761,146.360412,Gunyah,VIC
3960,-39.140761,146.360412,Wonga,VIC
3962,-38.60357,146.359804,Toora North,VIC
3966,-38.630568,146.436583,Hazel Park,VIC
3971,-38.631942,146.815723,Calrossie,VIC
3971,-38.631942,146.815723,Macks Creek,VIC
3971,-38.631942,146.815723,Tarra Valley,VIC
3977,-38.1466398,145.2695101,Botanic Ridge,VIC
3977,-38.135253,145.268888,Devon Meadows,VIC
3978,-38.135009,145.384606,Clyde North,VIC
3980,-38.204448,145.356937,Warneet,VIC
3981,-38.207298,145.575,Yannathan,VIC
3984,-38.312647,145.563979,Lang Lang,VIC
3987,-38.309048,145.689142,Nyora,VIC
3991,-38.483041,145.466781,Bass,VIC
3995,-38.578071,145.630713,Cape Paterson,VIC
3995,-38.578071,145.630713,South Dudley,VIC
4000,-27.468391,153.022126,Brisbane,QLD
4000,-27.468391,153.022126,Parliament House,QLD
4002,-27.4693,153.027,Brisbane Albert Street Bc,QLD
4006,-27.36618,153.175242,Bowen Bridge,QLD
4006,-27.36618,153.175242,Newstead,QLD
4008,-27.38837225,153.1132012,Brisbane Airport,QLD
4010,-27.433237,153.04354,Albion,QLD
4012,-27.399335,153.05355,Nundah,QLD
4014,-27.373947,153.084784,Nudgee,QLD
4017,-27.318074,153.047339,Brighton Eventide,QLD
4018,-27.349074,153.031804,Fitzgibbon,QLD
4019,-27.248337,153.088498,Margate Beach,QLD
4021,-27.220098,153.07529,Kippa-Ring,QLD
4025,-27.162277,153.393497,Tangalooma,QLD
4031,-27.408542,153.030695,Glen Kedron,QLD
4032,-27.385605,153.019449,Chermside West,QLD
4035,-27.356025,152.979085,Albany Creek,QLD
4051,-27.427508,153.000297,Gaythorne,QLD
4053,-27.399573,152.98725,Everton Park,QLD
4053,-27.399573,152.98725,Stafford City,QLD
4055,-27.393676,152.92424,Ferny Grove,QLD
4059,-27.452067,153.008893,Kelvin Grove,QLD
4060,-27.445107,152.985176,Ashgrove West,QLD
4064,-27.464676,152.999039,Paddington,QLD
4066,-27.479866,152.964146,Mount Coot-Tha,QLD
4067,-27.500518,153.005045,St Lucia,QLD
4069,-27.502784,152.898911,Brookfield,QLD
4069,-27.502784,152.898911,Lone Pine,QLD
4070,-27.559944,152.871141,Priors Pocket,QLD
4074,-27.554082,152.921521,Mount Ommaney,QLD
4075,-27.552135,152.975619,Graceville East,QLD
4077,-27.605551,152.967822,Durack,QLD
4077,-27.605551,152.967822,Richlands Dc,QLD
4101,-27.484254,153.009661,South Bank,QLD
4102,-27.495458,153.0328,Woolloongabba,QLD
4104,-27.515758,153.011535,Yeronga West,QLD
4106,-27.552137,153.004615,Rocklea,QLD
4109,-27.57925,153.057452,Altandi,QLD
4110,-27.612178,153.009526,Acacia Ridge,QLD
4110,-27.612178,153.009526,Willawong,QLD
4114,-27.652812,153.110764,Kingston,QLD
4115,-27.643845,153.022499,Algester,QLD
4118,-27.673806,153.027323,Browns Plains,QLD
4119,-27.611502,153.109769,Underwood,QLD
4121,-27.526966,153.053952,Holland Park West,QLD
4122,-27.543316,153.088155,Mount Gravatt,QLD
4123,-27.583528,153.116151,Rochedale South,QLD
4125,-27.730432,153.04108,Park Ridge,QLD
4127,-27.629474,153.142035,Springwood Bc,QLD
4129,-27.681519,153.186817,Loganholme Bc,QLD
4132,-27.681063,153.084397,Crestmead Dc,QLD
4151,-27.500807,153.058605,Coorparoo,QLD
4152,-27.501349,153.096812,Carindale,QLD
4155,-27.5181,153.156446,Chandler,QLD
4157,-27.568178,153.207096,Sheldon,QLD
4163,-27.535216,153.26571,Cleveland,QLD
4165,-27.623975,153.263801,Redland Bay,QLD
4170,-27.470778,153.074231,Colmslie,QLD
4171,-27.456031,153.06036,Hawthorne,QLD
4178,-27.425651,153.232567,Lindum,QLD
4178,-27.425651,153.232567,Wynnum West,QLD
4183,-27.55442784,153.4519079,North Stradbroke Island,QLD
4184,-27.676499,153.384655,Perulpa Island,QLD
4207,-27.733991,153.204523,Belivah,QLD
4207,-27.83587263,153.1375013,Kairabah,QLD
4207,-27.733991,153.204523,Wolffdene,QLD
4208,-27.767029,153.27631,Gilberton,QLD
4209,-27.805498,153.392892,Canowindra,QLD
4210,-27.932207,153.279483,Oxenford,QLD
4211,-28.035453,153.241258,Clagiraba,QLD
4211,-28.035453,153.241258,Natural Bridge,QLD
4211,-28.035453,153.241258,Southern Lamington,QLD
4212,-27.869823,153.360694,Santa Barbara,QLD
4213,-28.110164,153.318916,Worongary,QLD
4214,-27.967005,153.365576,Parkwood,QLD
4215,-27.967134,153.397952,Southport Park,QLD
4216,-27.839347,153.419405,Paradise Point,QLD
4217,-28.008783,153.412197,Bundall Bc,QLD
4217,-28.008783,153.412197,Paradise Waters,QLD
4218,-28.037627,153.41692,Florida Gardens,QLD
4218,-28.037627,153.41692,Pacific Fair,QLD
4220,-28.084952,153.434406,Burleigh Heads,QLD
4222,-27.550643,153.052226,Griffith University,QLD
4225,-28.168787,153.517333,Bilinga,QLD
4226,-28.06794,153.40282,Merrimac,QLD
4228,-28.182084,153.37739,Tallebudgera Valley,QLD
4272,-27.960815,153.183429,North Tamborine,QLD
4275,-28.111411,153.134987,Ferny Glen,QLD
4275,-28.111411,153.134987,O'Reillys,QLD
4280,-27.81609,153.048563,Maclean,QLD
4285,-28.056979,152.975131,Birnam,QLD
4285,-28.056979,152.975131,Cryna,QLD
4285,-28.056979,152.975131,Josephville,QLD
4285,-27.81431835,152.917364,Monarch Glen,QLD
4285,-28.056979,152.975131,Tamrookum,QLD
4287,-28.259143,152.822971,Mount Barney,QLD
4300,-27.682273,152.884999,Brookwater,QLD
4300,-27.682273,152.884999,Opossum Creek,QLD
4301,-27.629394,152.858086,Redbank,QLD
4304,-27.620656,152.80457,Booval Bc,QLD
4305,-27.627522,152.753696,Basin Pocket,QLD
4305,-27.627522,152.753696,Eastern Heights,QLD
4305,-27.627522,152.753696,North Ipswich,QLD
4305,-27.627522,152.753696,West Ipswich,QLD
4306,-27.480898,152.725408,Barellan Point,QLD
4306,-27.480898,152.725408,Blacksoil,QLD
4306,-27.480898,152.725408,Dundas,QLD
4306,-27.480898,152.725408,Goolman,QLD
4306,-27.480898,152.725408,Karrabin,QLD
4306,-27.480898,152.725408,Moore,QLD
4306,-27.480898,152.725408,Peak Crossing,QLD
4306,-27.480898,152.725408,Taromeo,QLD
4306,-27.480898,152.725408,West Amberley,QLD
4307,-27.851804,152.592399,Mutdapilly,QLD
4309,-27.98728,152.523366,Clumber,QLD
4309,-27.98728,152.523366,Milora,QLD
4309,-27.98728,152.523366,Teviotville,QLD
4310,-28.121399,152.600598,Bunjurgen,QLD
4310,-28.121399,152.600598,Dugandan,QLD
4310,-28.121399,152.600598,Milbong,QLD
4310,-28.121399,152.600598,Woolooman,QLD
4311,-27.418572,152.438771,Clarendon,QLD
4311,-27.418572,152.438771,Mount Tarampa,QLD
4312,-27.256065,152.482636,Caboonbah,QLD
4312,-27.256065,152.482636,Mount Byron,QLD
4313,-27.089517,152.321536,Cooeeimbardi,QLD
4313,-27.089517,152.321536,Ottaba,QLD
4314,-26.883,152.1011,Blackbutt,QLD
4314,-26.9666,152.3502,Harlin,QLD
4314,-26.7728,152.0973,Teelah,QLD
4340,-27.803453,152.472702,Lower Mount Walker,QLD
4340,-27.803453,152.472702,Rosevale,QLD
4341,-27.68768,152.396656,Kensington Grove,QLD
4341,-27.68768,152.396656,Mount Berryman,QLD
4342,-27.543847,152.377687,Crowley Vale,QLD
4343,-27.656074,152.224616,Black Duck Creek,QLD
4343,-27.656074,152.224616,Junction View,QLD
4343,-27.656074,152.224616,Placid Hills,QLD
4343,-27.656074,152.224616,Woodbine,QLD
4344,-27.581256,152.105857,Iredale,QLD
4344,-27.572999,152.060385,Stockyard,QLD
4347,-27.655062,152.142704,Veradilla,QLD
4350,-27.576308,151.852689,Clifford Gardens,QLD
4350,-27.576308,151.852689,Eastlake,QLD
4350,-27.576308,151.852689,Harristown,QLD
4350,-27.576308,151.852689,Newtown,QLD
4350,-27.576308,151.852689,Redwood,QLD
4350,-27.576308,151.852689,Toowoomba Dc,QLD
4350,-27.576308,151.852689,Wellcamp,QLD
4352,-27.627661,151.94182,Bapaume,QLD
4352,-27.627661,151.94182,Coalbank,QLD
4352,-27.627661,151.94182,Fifteen Mile,QLD
4352,-27.32404593,152.0967829,Grapetree,QLD
4352,-27.627661,151.94182,Karara,QLD
4352,-27.627661,151.94182,Malling,QLD
4352,-27.627661,151.94182,Narko,QLD
4352,-27.627661,151.94182,Pechey,QLD
4352,-27.627661,151.94182,Rangemore,QLD
4352,-27.627661,151.94182,Toowoomba Mc,QLD
4352,-27.627661,151.94182,Withcott,QLD
4353,-27.256984,151.904578,Bergen,QLD
4355,-27.18463,152.008635,Anduramba,QLD
4355,-27.18463,152.008635,Jones Gully,QLD
4355,-27.18463,152.008635,Sylvia Vale,QLD
4356,-27.663074,151.550271,Kincora,QLD
4356,-27.663074,151.550271,Purrawunda,QLD
4357,-27.957654,151.103872,Bringalily,QLD
4357,-27.957654,151.103872,Domville,QLD
4357,-27.957654,151.103872,Millmerran Downs,QLD
4357,-27.957654,151.103872,The Pines,QLD
4358,-27.7283,151.859857,Felton East,QLD
4359,-27.794456,152.03681,Greenmount,QLD
4361,-27.965214,151.948279,Ellangowan,QLD
4361,-27.965214,151.948279,Nevilton,QLD
4362,-28.050522,151.841358,Allora,QLD
4362,-28.050522,151.841358,Mount Marshall,QLD
4370,-28.0937094,151.8402136,Bony Mountain,QLD
4370,-28.259764,152.055174,Freestone,QLD
4370,-28.25002969,151.8967785,Leslie Dam,QLD
4370,-28.17189648,152.207833,Mount Sturt,QLD
4370,-28.259764,152.055174,Rosenthal,QLD
4370,-28.35672171,151.9173558,The Glen,QLD
4370,-28.259764,152.055174,Warwick Dc,QLD
4371,-28.199024,152.234242,Swanfels,QLD
4374,-28.35569278,151.7856881,Palgrave,QLD
4377,-28.571936,151.918897,The Summit,QLD
4380,-28.66238701,151.9625837,Diamondvale,QLD
4380,-28.7427235,151.9463969,Mount Tully,QLD
4380,-28.81188447,151.565695,Springdale,QLD
4381,-28.743816,151.839611,Glen Aplin,QLD
4383,-28.94051178,151.9694117,Jennings,NSW
4385,-28.777563,151.24801,Maidenhead,QLD
4387,-28.341631,150.967836,Brush Creek,QLD
4387,-28.341631,150.967836,Warroo,QLD
4390,-28.228906,150.321016,Goodar,QLD
4400,-27.4855,151.856298,Kingsthorpe,QLD
4401,-27.473135,151.703647,Greenwood,QLD
4401,-27.473135,151.703647,Rosalie Plains,QLD
4403,-27.320633,151.596963,Brymaroo,QLD
4404,-27.33128,151.480666,Formartin,QLD
4405,-27.316799,150.910979,Bunya Mountains,QLD
4405,-27.316799,150.910979,Malakoff,QLD
4405,-27.316799,150.910979,St Ruth,QLD
4406,-27.064207,151.433657,Jimbour,QLD
4406,-27.064207,151.433657,Moonie,QLD
4407,-27.563685,150.961981,Nangwee,QLD
4410,-26.731753,151.083543,Jandowae,QLD
4413,-26.706834,150.545144,Auburn,QLD
4413,-26.63319425,150.4704649,Cameby,QLD
4413,-26.52199335,150.9334459,Fairyland,QLD
4413,-26.6451,150.6479,Red Hill,QLD
4415,-26.57325726,150.0870042,Dalwogon,QLD
4416,-26.995752,149.798038,Barramornie,QLD
4417,-27.348199,149.070172,Noorindoo,QLD
4418,-26.290166,150.143323,Guluguba,QLD
4419,-26.32673679,149.934875,Woleebee,QLD
4420,-25.382928,149.547307,Glenhaughton,QLD
4420,-25.494713,149.525293,Waikola,QLD
4422,-27.88867614,149.7572563,Westmar,QLD
4425,-26.649074,149.773144,Bogandilla,QLD
4427,-26.75002,149.381938,Yuleba North,QLD
4454,-25.55725,148.589834,Baffle West,QLD
4454,-25.55725,148.589834,Mount Hutton,QLD
4455,-26.73282,148.690231,Blythdale,QLD
4455,-26.73282,148.690231,Euthulla,QLD
4455,-26.73282,148.690231,Orange Hill,QLD
4462,-26.35135957,148.2478725,Walhallow,QLD
4465,-26.83332366,147.8117178,V Gate,QLD
4468,-26.087266,146.833194,Boatman,QLD
4470,-26.93045501,145.7390909,Murweh,QLD
4472,-24.784155,145.141177,Mount Enniskillen,QLD
4478,-24.889395,146.399409,Bayrick,QLD
4478,-24.889395,146.399409,Tambo,QLD
4481,-25.377582,141.581266,Tanbar,QLD
4488,-28.031524,147.47786,Bargunyah,QLD
4490,-28.418047,145.596265,Cunnamulla,QLD
4490,-28.418047,145.596265,Widgeegoara,QLD
4492,-28.2963544,144.1330121,Dynevor,QLD
4494,-28.143515,149.606552,North Bungunya,QLD
4497,-28.645485,148.753584,Weengallon,QLD
4500,-27.307845,152.939438,Cashmere,QLD
4501,-27.277628,152.946201,Lawnton,QLD
4503,-27.240638,152.993187,Kurwongbah,QLD
4506,-27.128401,152.936289,Moorina,QLD
4507,-26.987776,153.12414,Bribie Island North,QLD
4510,-27.070177,152.960273,Balingool,QLD
4510,-27.070177,152.960273,Meldale,QLD
4511,-27.077933,153.080799,Sandstone Point,QLD
4513,-27.1048,152.8808,Wagtail Grove,QLD
4514,-26.91784,152.760081,D'Aguilar,QLD
4514,-26.91784,152.760081,Villeneuve,QLD
4515,-26.54057575,152.3776757,Kingaham,QLD
4515,-26.94116786,152.4987372,Woolmar,QLD
4519,-26.849388,152.91803,Peachester,QLD
4520,-27.322775,152.814527,Highvale,QLD
4520,-27.322775,152.814527,Samford Valley,QLD
4521,-27.169774,152.786172,King Scrub,QLD
4550,-26.812085,152.971346,Mount Mellum,QLD
4551,-26.828067,153.088435,Caloundra Bc,QLD
4551,-26.775377,153.113173,Gagalba,QLD
4551,-26.828067,153.088435,Pelican Waters,QLD
4552,-26.734305,152.766898,Conondale,QLD
4552,-26.734305,152.766898,North Maleny,QLD
4553,-26.771797,153.017962,Mooloolah Valley,QLD
4555,-26.691701,152.95452,Palmwoods,QLD
4557,-26.686321,153.113416,Mooloolaba,QLD
4558,-26.655067,153.075373,Maroochydore South,QLD
4560,-26.635087,152.917384,Burnside,QLD
4560,-26.635087,152.917384,Kiamba,QLD
4560,-26.635087,152.917384,Nambour Dc,QLD
4561,-26.531487,152.964814,Bridges,QLD
4562,-26.505863,152.803089,Belli Park,QLD
4563,-26.425754,152.909206,Carters Ridge,QLD
4564,-26.612359,153.079239,Marcoola,QLD
4565,-26.156837,153.042307,Cootharaba,QLD
4566,-26.411731,153.047416,Munna Point,QLD
4567,-26.408596,153.096957,Sunrise Beach,QLD
4570,-26.153831,152.616943,Amamoor Creek,QLD
4570,-26.153831,152.616943,Bollier,QLD
4570,-26.153831,152.616943,Coles Creek,QLD
4570,-26.153831,152.616943,Fishermans Pocket,QLD
4570,-26.153831,152.616943,Greens Creek,QLD
4570,-26.153831,152.616943,Kandanga Creek,QLD
4570,-26.153831,152.616943,Long Flat,QLD
4570,-26.153831,152.616943,Monkland,QLD
4570,-26.153831,152.616943,North Deep Creek,QLD
4570,-26.153831,152.616943,Sexton,QLD
4570,-26.153831,152.616943,Theebine,QLD
4570,-26.153831,152.616943,Upper Kandanga,QLD
4570,-26.153831,152.616943,Wilsons Pocket,QLD
4572,-26.671589,153.101997,Alexandra Headland,QLD
4573,-26.516942,153.068303,Point Arkwright,QLD
4574,-26.630369,152.761131,Obi Obi,QLD
4575,-26.742043,153.119478,Warana,QLD
4581,-25.990771,153.097862,Fraser Island,QLD
4600,-26.055099,152.221081,Black Snake,QLD
4601,-26.145002,152.012412,Booubyjan,QLD
4601,-26.145002,152.012412,Wrattens Forest,QLD
4605,-26.112408,151.870256,Glenrock,QLD
4605,-26.112408,151.870256,Oakdale,QLD
4605,-26.112408,151.870256,Wooroonden,QLD
4606,-26.26117,151.823079,Mp Creek,QLD
4608,-26.35256,151.741338,Wooroolin,QLD
4610,-26.576904,151.522575,Chahpingah,QLD
4610,-26.576904,151.522575,Ellesmere,QLD
4610,-26.576904,151.522575,Kingaroy,QLD
4610,-26.576904,151.522575,Wattle Grove,QLD
4612,-26.004636,151.589811,Wigton,QLD
4613,-26.279772,151.338904,Melrose,QLD
4614,-26.848329,151.964673,Yarraman,QLD
4615,-26.659559,152.010432,Johnstown,QLD
4615,-26.659559,152.010432,South East Nanango,QLD
4620,-25.557047,152.280868,Brooweena,QLD
4620,-25.557047,152.280868,Teebar,QLD
4621,-25.535828,152.042802,Degilbo,QLD
4625,-25.571054,151.644182,Ban Ban,QLD
4625,-25.571054,151.644182,Byrnestown,QLD
4625,-25.571054,151.644182,Gooroolba,QLD
4625,-25.45420899,151.7920879,Mount Steadman,QLD
4625,-25.571054,151.644182,Wahoon,QLD
4626,-25.765416,151.105529,Brovinia,QLD
4626,-25.765416,151.105529,Hawkwood,QLD
4626,-25.813563,151.205469,O'Bil Bil,QLD
4627,-25.350178,150.778657,Cynthia,QLD
4630,-24.860668,150.975499,Bancroft,QLD
4630,-24.860668,150.975499,Glenleigh,QLD
4630,-24.860668,150.975499,Moonford,QLD
4630,-24.860668,150.975499,Three Moon,QLD
4650,-25.640978,152.791302,Bauple,QLD
4650,-25.640978,152.791302,Duckinwilla,QLD
4650,-25.640978,152.791302,Grahams Creek,QLD
4650,-25.640978,152.791302,Magnolia,QLD
4650,-25.640978,152.791302,Netherby,QLD
4650,-25.640978,152.791302,Prawle,QLD
4650,-25.640978,152.791302,Thinoomba,QLD
4650,-25.640978,152.791302,Walkers Point,QLD
4655,-25.337998,152.78368,Dundowran Beach,QLD
4655,-25.337998,152.78368,Kawungan,QLD
4655,-25.337998,152.78368,Scarness,QLD
4655,-25.337998,152.78368,Urraween,QLD
4659,-25.266279,152.568678,Burrum Heads,QLD
4660,-25.189298,152.300968,Buxton,QLD
4660,-25.189298,152.300968,Goodwood,QLD
4660,-25.189298,152.300968,Kowbi,QLD
4660,-25.189298,152.300968,South Isis,QLD
4670,-24.88776,152.297855,Avoca,QLD
4670,-24.88776,152.297855,Bundaberg Dc,QLD
4670,-24.88776,152.297855,Calavos,QLD
4670,-24.88776,152.297855,Givelda,QLD
4670,-24.88776,152.297855,Kinkuna,QLD
4670,-24.598349,152.0659408,Mullett Creek,QLD
4670,-24.88776,152.297855,Sharon,QLD
4670,-24.88776,152.297855,Welcome Creek,QLD
4671,-25.07645,151.78942,Bungadoo,QLD
4671,-25.07645,151.78942,Gaeta,QLD
4671,-25.07645,151.78942,Maroondan,QLD
4671,-25.07645,151.78942,Mungy,QLD
4671,-25.07645,151.78942,Takilberan,QLD
4673,-24.729644,152.088816,Waterloo,QLD
4674,-24.688503,151.872531,Oyster Creek,QLD
4677,-24.318471,151.727736,Captain Creek,QLD
4678,-24.146903,151.634285,Bororen,QLD
4680,-23.446826,151.917285,Benaraby,QLD
4680,-23.446826,151.917285,Callemondah,QLD
4680,-23.8410967,151.2479668,Gladstone Central,QLD
4680,-23.446826,151.917285,Iveragh,QLD
4680,-23.446826,151.917285,New Auckland,QLD
4680,-23.446826,151.917285,South Trees,QLD
4680,-23.446826,151.917285,Ubobo,QLD
4694,-23.72951593,151.0984104,Targinnie,QLD
4695,-23.807115,150.965859,Mount Larcom,QLD
4700,-23.180174,150.958111,Fairy Bower,QLD
4700,-23.180174,150.958111,The Range,QLD
4701,-23.354937,150.557538,Ironpot,QLD
4701,-23.354937,150.557538,Nankin,QLD
4701,-23.354937,150.557538,Rockhampton Dc,QLD
4702,-23.279639,150.885772,Alsace,QLD
4702,-23.279639,150.885772,Banana,QLD
4702,-23.279639,150.885772,Boolburra,QLD
4702,-23.279639,150.885772,Central Queensland Mc,QLD
4702,-23.279639,150.885772,Coowonga,QLD
4702,-23.279639,150.885772,Etna Creek,QLD
4702,-23.279639,150.885772,Gogango,QLD
4702,-23.279639,150.885772,Jambin,QLD
4702,-23.279639,150.885772,Kokotungo,QLD
4702,-23.279639,150.885772,Mimosa,QLD
4702,-23.279639,150.885772,Pheasant Creek,QLD
4702,-23.279639,150.885772,Rossmoya,QLD
4702,-23.279639,150.885772,Stanage,QLD
4702,-23.9937449,148.653806,Togara,QLD
4702,-23.279639,150.885772,Withersfield,QLD
4703,-23.074563,150.894331,Adelaide Park,QLD
4703,-23.074563,150.894331,Bungundarra,QLD
4703,-23.074563,150.894331,Inverness,QLD
4703,-23.074563,150.894331,Meikleville Hill,QLD
4703,-23.074563,150.894331,Tanby,QLD
4704,-23.135744,150.381164,Yaamba,QLD
4707,-22.515013,149.235514,Collaroy,QLD
4711,-23.252534,150.476229,Glenlee,QLD
4714,-23.66268,150.394906,Horse Creek,QLD
4714,-23.66268,150.394906,Oakey Creek,QLD
4715,-24.393618,150.458694,Biloela,QLD
4715,-24.393618,150.458694,Orange Creek,QLD
4718,-24.675045,149.615027,Bauhinia,QLD
4718,-24.675045,149.615027,Roundstone,QLD
4719,-24.999569,150.213774,Theodore,QLD
4721,-22.22535188,146.685147,Elgin,QLD
4721,-23.07744693,147.6209929,Theresa Creek,QLD
4722,-24.506491,147.41651,Mantuan Downs,QLD
4723,-23.010007,148.231917,Bundoora,QLD
4723,-23.08866069,147.9028718,Hibernia,QLD
4724,-23.642723,146.840497,Alpha,QLD
4724,-23.98215541,146.8205995,Sedgeford,QLD
4726,-22.536444,145.486391,Aramac,QLD
4728,-23.86725647,146.1959751,Mexico,QLD
4730,-23.790711,143.402522,Maneroo,QLD
4732,-22.427636,144.622118,Muttaburra,QLD
4736,-24.936614,143.103133,Jundah,QLD
4737,-21.43004,149.178072,Plane Creek West,QLD
4738,-21.622237,149.267446,Koumala,QLD
4740,-21.33763,149.059737,Balberra,QLD
4740,-21.33763,149.059737,Chelona,QLD
4740,-21.33763,149.059737,Dunnrock,QLD
4740,-21.33763,149.059737,Habana,QLD
4740,-21.33763,149.059737,Mackay,QLD
4740,-21.33763,149.059737,Mackay South,QLD
4740,-21.33763,149.059737,Noorlah,QLD
4740,-21.33763,149.059737,Richanna Heights,QLD
4740,-21.33763,149.059737,South Mackay,QLD
4740,-21.33763,149.059737,Yakapari,QLD
4741,-20.808597,149.271699,Epsom,QLD
4741,-20.808597,149.271699,Hampden,QLD
4741,-20.808597,149.271699,Long Island,QLD
4741,-20.808597,149.271699,Oakenden,QLD
4741,-20.808597,149.271699,Yalboroo,QLD
4742,-21.754127,148.569564,Mt Britton,QLD
4743,-21.453727,147.906986,Suttor,QLD
4746,-22.851944,148.850932,Middlemount,QLD
4753,-21.169015,148.952546,Devereux Creek,QLD
4754,-21.188063,148.832763,Pinevale,QLD
4757,-21.054268,148.50081,Eungella,QLD
4799,-20.720423,148.622011,Bloomsbury,QLD
4800,-20.465423,148.516317,Cape Gloucester,QLD
4800,-20.465423,148.516317,Foxdale,QLD
4800,-20.465423,148.516317,Hideaway Bay,QLD
4800,-20.465423,148.516317,Mount Marlow,QLD
4800,-20.465423,148.516317,Proserpine,QLD
4801,-20.053296,148.887166,Hayman Island,QLD
4802,-20.271072,148.989038,Shute Harbour,QLD
4804,-20.867952,147.518462,Mount Wyatt,QLD
4805,-20.016612,148.457987,Brisk Bay,QLD
4806,-19.862878,147.416856,Arkendeith,QLD
4806,-19.862878,147.416856,Inkerman,QLD
4807,-19.914965,147.133033,Airdmillan,QLD
4807,-19.914965,147.133033,Eight Mile Creek,QLD
4807,-19.914965,147.133033,Mount Kelly,QLD
4808,-19.510071,147.304401,Colevale,QLD
4809,-19.53085,147.139821,Shirbourne,QLD
4810,-19.227783,146.764659,Railway Estate,QLD
4810,-19.227783,146.764659,Townsville Dc,QLD
4811,-19.323109,146.840325,James Cook University,QLD
4812,-19.286635,146.787716,Currajong,QLD
4812,-19.286635,146.787716,Pimlico,QLD
4814,-19.285821,146.754745,Annandale,QLD
4814,-19.285821,146.754745,Mount Louisa,QLD
4815,-19.372329,146.707586,Kelso,QLD
4816,-19.787858,146.791529,Buchanan,QLD
4816,-19.787858,146.791529,Ellerbeck,QLD
4816,-19.787858,146.791529,Majors Creek,QLD
4816,-19.787858,146.791529,Nome,QLD
4816,-19.787858,146.791529,Rollingstone,QLD
4816,-19.787858,146.791529,Torrens Creek,QLD
4817,-19.310498,146.652307,Rupertswood,QLD
4818,-19.23794,146.540275,Bluewater Park,QLD
4818,-19.23794,146.540275,Jensen,QLD
4818,-19.23794,146.540275,Toolakea,QLD
4819,-19.143944,146.831766,Nelly Bay,QLD
4820,-20.428447,146.275575,Breddan,QLD
4820,-20.07278047,146.245218,Grand Secret,QLD
4820,-20.428447,146.275575,Southern Cross,QLD
4821,-21.33838836,144.6827856,Prairie,QLD
4822,-20.8622414,142.6436913,Maxwelton,QLD
4823,-19.214466,141.243755,Julia Creek,QLD
4824,-20.777471,140.652531,Cloncurry,QLD
4824,-20.777471,140.652531,Three Rivers,QLD
4825,-21.017327,137.432341,Brunette Downs,QLD
4825,-21.017327,137.432341,Fisher,QLD
4825,-21.017327,137.432341,Lawn Hill,QLD
4825,-20.72557467,139.4927075,Mount Isa Bc,QLD
4825,-21.017327,137.432341,Piturie,QLD
4825,-21.017327,137.432341,The Monument,QLD
4829,-23.329938,140.22124,Boulia,QLD
4830,-17.956336,138.862024,Burketown,QLD
4849,-18.265652,146.027929,Damper Creek,QLD
4850,-18.552533,146.49572,Bemerside,QLD
4850,-18.552533,146.49572,Forrest Beach,QLD
4850,-18.552533,146.49572,Lannercost,QLD
4850,-18.552533,146.49572,Taylors Beach,QLD
4850,-18.552533,146.49572,Wharps,QLD
4852,-17.830091,146.09996,Garners Beach,QLD
4852,-17.830091,146.09996,Wongaling Beach,QLD
4854,-18.020178,145.842063,East Feluga,QLD
4854,-18.020178,145.842063,Lower Tully,QLD
4854,-18.020178,145.842063,Rockingham,QLD
4855,-17.815378,146.010914,El Arish,QLD
4855,-17.815378,146.010914,Shell Pocket,QLD
4856,-17.741424,145.924432,No. 5 Branch,QLD
4858,-17.622583,146.078807,Mourilyan,QLD
4860,-17.520343,145.888782,Belvedere,QLD
4860,-17.520343,145.888782,East Innisfail,QLD
4860,-17.520343,145.888782,Goondi,QLD
4860,-17.520343,145.888782,Mighell,QLD
4860,-17.56422,145.996277,O'Briens Hill,QLD
4860,-17.520343,145.888782,Valettas Estate,QLD
4861,-17.352821,145.872166,East Russell,QLD
4865,-17.02159803,145.8019067,Packers Camp,QLD
4869,-17.025592,145.730423,Bentley Park,QLD
4870,-16.88018212,145.6691953,Barron Gorge,QLD
4870,-16.923761,145.742303,Cairns Mc,QLD
4870,-16.923761,145.742303,Freshwater,QLD
4870,-16.923761,145.742303,Manunda,QLD
4870,-16.923761,145.742303,Stratford,QLD
4871,-16.934184,145.994075,Aurukun,QLD
4871,-16.934184,145.994075,Bramston Beach,QLD
4871,-16.934184,145.994075,Coralie,QLD
4871,-16.934184,145.994075,Deeral,QLD
4871,-16.934184,145.994075,Fishery Falls,QLD
4871,-16.934184,145.994075,Gilbert River,QLD
4871,-16.934184,145.994075,Julatten,QLD
4871,-19.7061005,145.7740021,Lakeland Downs,QLD
4871,-16.934184,145.994075,Mena Creek,QLD
4871,-16.7627129,145.0229543,Mount Mulligan,QLD
4871,-17.0172149,144.24717,Rookwood,QLD
4871,-16.934184,145.994075,Strathmore,QLD
4871,-16.934184,145.994075,Wellesley Islands,QLD
4872,-18.028128,145.157257,Danbulla,QLD
4872,-18.028128,145.157257,Kirrama,QLD
4872,-18.028128,145.157257,Mount Garnet,QLD
4872,-18.028128,145.157257,Walkamin,QLD
4873,-16.230854,145.299094,Cow Bay,QLD
4873,-16.230854,145.299094,Forest Creek,QLD
4873,-16.230854,145.299094,Newell,QLD
4873,-16.230854,145.299094,Thornton Beach,QLD
4874,-12.533944,142.267938,Mapoon,QLD
4874,-12.533944,142.267938,Weipa,QLD
4875,-9.584901,143.769211,Burrar Islet,QLD
4875,-9.584901,143.769211,Guijar Islet,QLD
4875,-9.584901,143.769211,Kubin,QLD
4875,-9.584901,143.769211,Moa Island,QLD
4875,-9.584901,143.769211,Talbot Island,QLD
4875,-9.584901,143.769211,Yorke Island,QLD
4876,-11.33852,142.465399,Umagico,QLD
4877,-16.535286,145.467604,Wangetti,QLD
4878,-16.839378,145.711531,Yorkeys Knob,QLD
4879,-16.789777,145.666474,Trinity Park,QLD
4880,-16.972341,145.383091,Maryfarms,QLD
4883,-17.33327,145.476659,Atherton,QLD
4884,-17.29482618,145.6451547,Lake Eacham,QLD
4885,-17.384187,145.624143,North Johnstone,QLD
4886,-17.535676,145.633789,Middlebrook,QLD
4887,-17.45397782,145.3951374,Kalunga,QLD
4888,-17.499336,145.491052,Ravenshoe,QLD
4892,-14.6604,143.3735,Arbouin,QLD
4892,-14.6604,143.3735,Gamboola,QLD
4892,-14.6604,143.3735,Lakefield,QLD
4892,-14.6604,143.3735,Palmer,QLD
4892,-14.6604,143.3735,West Wellesley Islands,QLD
4895,-15.94342392,145.3422653,Degarra,QLD
5000,-34.937459,138.608637,Adelaide Bc,SA
5000,-34.937459,138.608637,Sturt Street,SA
5007,-34.903259,138.56787,Bowden,SA
5008,-34.887511,138.559407,Croydon Park South,SA
5009,-34.896906,138.542493,Beverley,SA
5011,-34.877605,138.538261,St Claire,SA
5012,-34.86303,138.541637,Woodville Gardens,SA
5013,-34.841984,138.553453,Wingfield,SA
5015,-34.808422,138.531567,Birkenhead,SA
5015,-34.808422,138.531567,Port Adelaide Dc,SA
5018,-34.779057,138.49958,North Haven,SA
5021,-34.86628,138.492908,West Lakes,SA
5023,-34.90073,138.51199,Seaton,SA
5031,-34.936926,138.570873,Mile End,SA
5032,-34.935734,138.544358,Underdale,SA
5033,-34.938858,138.558451,West Richmond,SA
5035,-34.952075,138.575187,Black Forest,SA
5037,-34.957399,138.545826,Netley,SA
5039,-34.976263,138.570739,Edwardstown,SA
5041,-35.00298,138.594176,Panorama,SA
5042,-35.00971638,138.5709927,Tonsley,SA
5044,-35.001213,138.516314,Somerton Park,SA
5046,-35.003794,138.535434,Warradale,SA
5048,-35.017416,138.520459,Dover Gardens,SA
5049,-35.045389,138.52272,Seacliff Park,SA
5051,-35.033769,138.620405,Hawthorndene,SA
5061,-34.957195,138.60648,Unley Dc,SA
5062,-35.004063,138.602387,Lynton,SA
5063,-34.954325,138.621477,Frewville,SA
5064,-34.963195,138.649183,Myrtle Bank,SA
5065,-34.940362,138.633974,Tusmore,SA
5066,-34.940962,138.66029,Wattle Park,SA
5068,-34.922605,138.654999,Kensington,SA
5069,-34.907597,138.623527,College Park,SA
5070,-34.900496,138.642172,Firle,SA
5070,-34.900496,138.642172,Payneham South,SA
5072,-34.912078,138.696113,Magill South,SA
5073,-34.89528,138.683151,Tranmere,SA
5076,-34.873844,138.703683,Castambul,SA
5082,-34.886018,138.587083,Fitzroy,SA
5083,-34.879357,138.609927,Nailsworth,SA
5085,-34.856239,138.612959,Enfield,SA
5086,-34.854247,138.64344,Hampstead Gardens,SA
5089,-34.851049,138.724487,Highbury,SA
5092,-34.821319,138.680226,Modbury North,SA
5095,-34.820685,138.6199,Mawson Lakes,SA
5097,-34.819614,138.707261,Ridgehaven,SA
5106,-34.793169,138.629463,Salisbury South Bc,SA
5108,-34.761553,138.61884,Salisbury North,SA
5109,-34.771432,138.663871,Salisbury Plain,SA
5111,-34.709347,138.62532,Edinburgh,SA
5112,-34.726229,138.666615,Hillbank,SA
5113,-34.702506,138.674449,Elizabeth Park,SA
5114,-34.718681,138.754254,Humbug Scrub,SA
5114,-34.718681,138.754254,Yattalunga,SA
5116,-34.622783,138.724059,Evanston Park,SA
5118,-34.58378,138.705675,Gawler,SA
5118,-34.58378,138.705675,Kalbeeba,SA
5120,-34.668553,138.507899,Riverlea Park,SA
5125,-34.773234,138.738733,Golden Grove Village,SA
5131,-34.795292,138.758111,Lower Hermitage,SA
5137,-34.945777,138.735962,Ashton,SA
5142,-34.960813,138.740223,Uraidla,SA
5152,-34.998401,138.703957,Crafers West,SA
5153,-35.091002,138.757945,Flaxley,SA
5153,-35.091002,138.757945,Mylor,SA
5157,-35.143492,138.633118,Bull Creek,SA
5158,-35.084001,138.519781,Hallett Cove,SA
5159,-35.061705,138.603897,Aberfoyle Park,SA
5161,-35.096383,138.515652,Old Reynella,SA
5163,-35.147923,138.552209,Huntfield Heights,SA
5166,-35.124126,138.473209,O'Sullivan Beach,SA
5169,-35.194211,138.477958,Moana,SA
5171,-35.196481,138.553437,Mclaren Flat,SA
5172,-35.28775,138.555169,Kuitpo Colony,SA
5172,-35.28775,138.555169,Willunga Hill,SA
5174,-35.330569,138.47117,Sellicks Beach,SA
5202,-35.386025,138.505922,Hindmarsh Tiers,SA
5203,-35.450839,138.388132,Wattle Flat,SA
5204,-35.572164,138.324567,Normanville,SA
5210,-35.387709,138.655684,Nangkita,SA
5211,-35.566153,138.627975,Lower Inman Valley,SA
5211,-35.566153,138.627975,Yilki,SA
5214,-35.491206,138.834806,Goolwa South,SA
5221,-35.793776,137.72022,Muston,SA
5222,-35.803421,137.924659,Dudley East,SA
5222,-35.803421,137.924659,Penneshaw,SA
5223,-35.811358,137.541715,Brownlow,SA
5223,-35.811358,137.541715,D'Estrees Bay,SA
5223,-35.811358,137.541715,Harriet River,SA
5223,-35.811358,137.541715,Nepean Bay,SA
5223,-35.613861,137.572636,Stun'Sail Boom,SA
5231,-34.82644568,138.809837,Millbrook,SA
5235,-34.705292,139.084565,Cromer,SA
5237,-34.823114,139.191868,Apamurra,SA
5238,-34.867709,139.497207,Bonython,SA
5238,-34.867709,139.497207,Forster,SA
5238,-34.87161619,139.5426157,Old Teal Flat,SA
5238,-34.867709,139.497207,Purnong Landing,SA
5238,-34.92127935,139.5289413,Younghusband,SA
5244,-34.938664,138.946384,Harrogate,SA
5250,-35.0417052,138.8860811,Blakiston,SA
5251,-35.0692923,138.9215315,Mount Barker Summit,SA
5252,-35.0863,138.9602,Petwood,SA
5253,-35.109083,139.273641,Gifford Hill,SA
5253,-35.109083,139.273641,Murray Bridge East,SA
5253,-35.109083,139.273641,Sunnyside,SA
5254,-35.097045,139.475946,Buccleuch,SA
5254,-35.097045,139.475946,Mypolonga,SA
5254,-34.9843477,139.3095968,Wall Flat,SA
5255,-35.248539,138.975861,Finniss,SA
5255,-35.248539,138.975861,Mulgundawa,SA
5255,-35.248539,138.975861,Willyaroo,SA
5256,-35.492114,139.0336,Tolderol,SA
5259,-35.521405,139.236567,Malinong,SA
5259,-35.521405,139.236567,Wellington,SA
5261,-35.59601,139.935161,Culburra,SA
5263,-37.307042,140.838441,Coonawarra,SA
5264,-35.669947,139.275737,Waltowa,SA
5267,-36.093534,140.348707,Brimbago,SA
5267,-36.093534,140.348707,Petherick,SA
5268,-36.189376,140.788199,Bordertown South,SA
5269,-36.404918,140.601672,Custon,SA
5270,-36.404918,140.601672,Mundulla,SA
5271,-37.04868013,140.903366,Koppamurra,SA
5271,-36.792946,140.496496,Padthaway,SA
5272,-37.162862,140.321798,Coles,SA
5275,-36.61323,139.937126,Blackford,SA
5275,-36.61323,139.937126,Reedy Creek,SA
5275,-36.61323,139.937126,Wyomi,SA
5277,-37.39668187,140.7368366,Monbulla,SA
5278,-37.48419496,140.7051651,Moerlong,SA
5279,-37.574691,140.462487,Wattle Range East,SA
5280,-37.7840189,140.4196268,German Flat,SA
5280,-37.449179,140.260783,Sebastopol,SA
5291,-37.927953,140.719634,Allendale East,SA
5291,-37.927953,140.719634,Caveton,SA
5291,-37.927953,140.719634,Glencoe,SA
5291,-37.927953,140.719634,Mount Gambier,SA
5291,-37.927953,140.719634,Pelican Point,SA
5291,-38.01893369,140.8967253,Wye,SA
5301,-35.449887,140.030554,Parrakie,SA
5303,-35.191375,140.685318,Parilla,SA
5307,-35.037558,140.242147,Karte,SA
5308,-34.627126,140.050653,Kalyan,SA
5309,-34.850669,140.114394,Mindarie,SA
5311,-34.48822362,140.0411,Maggea,SA
5311,-34.66673557,140.4676895,Veitch,SA
5320,-34.05309587,139.5698613,Eba,SA
5320,-33.95654968,139.7793619,Stuart,SA
5322,-34.177881,139.955939,Ramco,SA
5330,-33.94707,139.975421,Holder,SA
5330,-33.94707,139.975421,Stockyard Plain,SA
5331,-34.214119,140.319351,Kingston-On-Murray,SA
5333,-34.485635,140.63513,Loxton North,SA
5333,-34.485635,140.63513,Taplan,SA
5341,-33.739084,140.753178,Calperum,SA
5341,-33.739084,140.753178,Renmark,SA
5343,-34.321288,140.556181,Gerard,SA
5345,-34.187027,140.454506,Loveday,SA
5351,-34.638218,138.897802,Cockatoo Valley,SA
5352,-34.56579758,138.970505,Krondorf,SA
5353,-34.577328,139.326979,Cambrai,SA
5353,-34.6105765,139.5970316,Punyelroo,SA
5354,-34.57651008,139.5862979,Marks Landing,SA
5355,-34.443966,139.007886,Marananga,SA
5356,-34.35610844,139.2392392,Dutton East,SA
5357,-34.343393,139.525937,Moorundie,SA
5371,-34.41538531,138.7560699,Morn Hill,SA
5373,-34.303007,138.930335,Bethel,SA
5374,-34.152477,139.12488,Bower,SA
5374,-34.152477,139.12488,Julia,SA
5381,-33.965473,139.140266,Brady Creek,SA
5381,-34.02266368,139.152609,Rocky Plain,SA
5401,-34.29774,138.659866,Alma,SA
5412,-34.18289,138.775266,Navan,SA
5413,-34.080278,138.883459,Saddleworth,SA
5415,-33.942677,138.722876,Mintaro,SA
5417,-33.8199791,139.7992135,Bunyung,SA
5417,-33.71285998,138.7655101,Gum Creek,SA
5417,-33.52522408,139.766027,Old Koomooloo,SA
5418,-33.357329,139.143828,Mount Bryan,SA
5419,-33.397741,138.893337,Wonna,SA
5422,-32.97338,138.771209,Erskine,SA
5422,-32.97338,138.771209,Peterborough,SA
5431,-32.212021,138.883978,Coomooroo,SA
5431,-32.31377677,139.0215366,Minburra Station,SA
5431,-32.62366738,138.5869688,Walloway,SA
5432,-32.242313,138.468686,Cradock,SA
5432,-32.1582152,138.965221,Witchitie,SA
5433,-32.180856,138.1056,Yarrah,SA
5434,-31.64549774,138.7312771,Prelinna,SA
5440,-32.078008,140.997812,Billeroo West,SA
5440,-32.55673806,140.4501458,Devonborough Downs,SA
5440,-32.10342353,139.3735174,Koonamore,SA
5440,-31.63053585,140.3327545,Mooleulooloo,SA
5440,-32.339759,140.027346,Olary,SA
5440,-30.31162569,140.656038,Quinyambie,SA
5440,-32.45604076,139.7685243,Winnininnie,SA
5452,-33.969454,138.652781,Watervale,SA
5453,-33.802932,138.582681,Gillentown,SA
5453,-33.802932,138.582681,Spring Farm,SA
5454,-33.3599977,138.6866032,Mayfield,SA
5460,-34.312427,138.517968,Stockyard Creek,SA
5461,-34.095314,138.444457,Halbury,SA
5462,-33.896378,138.43015,Blyth,SA
5464,-33.676424,138.39411,Marola,SA
5480,-33.125751,138.319834,Laura,SA
5482,-32.842201,138.357347,Wepowie,SA
5491,-33.15446058,138.7023315,Belalie North,SA
5495,-32.88219,137.946255,Baroota,SA
5501,-34.595073,138.547998,Avon,SA
5501,-34.595073,138.547998,Parham,SA
5502,-34.49618603,138.6228575,Fischer,SA
5520,-33.769107,138.12018,Barunga Gap,SA
5522,-33.578188,138.003325,Fisherman Bay,SA
5523,-33.401829,138.165325,Huddleston,SA
5540,-33.205773,138.080191,Bungama,SA
5540,-33.205773,138.080191,Port Pirie,SA
5540,-33.205773,138.080191,Warnertown,SA
5550,-34.093038,138.243785,Proof Range,SA
5552,-34.061253,137.862942,Sunnyvale,SA
5554,-33.928029,137.756193,Matta Flat,SA
5555,-33.60465982,138.2166319,Collinsfield,SA
5555,-33.656811,138.191161,Mundoora,SA
5558,-34.105205,137.598449,Agery,SA
5558,-34.105205,137.598449,Moonta Mines,SA
5560,-33.895055,138.031867,Bute,SA
5571,-34.51494,137.811541,Ardrossan,SA
5571,-34.51494,137.811541,Rogues Point,SA
5573,-34.514149,137.508603,Chinamen Wells,SA
5573,-34.514149,137.508603,Weetulta,SA
5575,-34.823141,137.544605,Koolywurtie,SA
5575,-34.823141,137.544605,Port Rickaby,SA
5576,-35.050773,137.56046,Port Moorowie,SA
5577,-35.035673,137.310027,Warooka,SA
5583,-35.117696,137.825935,Coobowie,SA
5601,-32.91326147,137.7869937,Backy Point,SA
5601,-32.98481567,137.7807358,Point Lowly North,SA
5602,-33.47186286,136.7575708,Miltalie,SA
5603,-33.831212,136.499961,Verran,SA
5606,-34.724,135.861,Port Lincoln South,SA
5607,-35.156446,136.456454,Coulta,SA
5607,-35.156446,136.456454,Karkoo,SA
5607,-35.156446,136.456454,Louth Bay,SA
5607,-35.156446,136.456454,North Shields,SA
5607,-35.156446,136.456454,Sleaford,SA
5607,-35.156446,136.456454,Uley,SA
5607,-35.156446,136.456454,Warunda,SA
5608,-33.034213,137.525354,Whyalla Norrie North,SA
5611,-32.68751476,137.0317736,Corunna Station,SA
5611,-33.25171556,136.8962127,Secret Rocks,SA
5632,-34.01595786,135.5256409,Mitchell,SA
5640,-33.606021,136.437661,Jamieson,SA
5641,-33.100172,136.318517,Cunyarie,SA
5641,-33.100172,136.318517,Wilcherry,SA
5642,-33.558726,136.103172,Rudall,SA
5652,-33.091309,135.249834,Wudinna,SA
5655,-32.62518418,135.5577067,Gawler Ranges,SA
5660,-32.544993,134.650428,Cungena,SA
5670,-33.409359,135.02078,Colton,SA
5670,-33.409359,135.02078,Polda,SA
5671,-33.21045,134.673762,Mount Cooper,SA
5680,-32.68784588,134.2924925,Eba Anchorage,SA
5680,-32.61082632,134.3473346,Perlubie,SA
5680,-32.672797,134.37909,Smoky Bay,SA
5690,-32.282716,133.582274,Charra,SA
5690,-32.282716,133.582274,Maltee,SA
5690,-29.4494112,130.806497,Oak Valley,SA
5690,-32.282716,133.582274,Yalata,SA
5700,-32.73576,137.703073,Miranda,SA
5700,-32.73576,137.703073,Willsden,SA
5710,-27.467217,134.430044,Cook,SA
5713,-32.3424,137.8719,Emeroo,SA
5713,-31.3959,137.4101,Pernatty,SA
5715,-32.4998,137.4586,Illeroo,SA
5717,-31.3292,135.3315,Kokatha,SA
5717,-31.8226,135.6598,Moonaree,SA
5719,-30.59001247,135.5033983,Bon Bon,SA
5719,-30.4167,134.049,Mulgathing,SA
5720,-30.00243422,135.7027613,Mount Eba,SA
5722,-30.779803,137.197175,Andamooka,SA
5723,-29.51784743,134.788974,Ingomar,SA
5723,-28.90783798,136.342062,William Creek,SA
5725,-30.62777096,136.6673261,Roxby Downs Station,SA
5730,-31.21388715,138.6554426,Gum Creek Station,SA
5730,-31.06158573,138.5898078,Oratunga Station,SA
5731,-29.818331,139.666239,Cordillo Downs,SA
5731,-30.39010496,138.5050129,Leigh Creek Station,SA
5731,-30.16654072,137.4772395,Mulgaria,SA
5732,-30.46056011,138.6469371,Burr Well,SA
5732,-30.770199,139.076342,Nepabunna,SA
5733,-26.32008739,138.9717811,Alton Downs Station,SA
5733,-29.427879,138.049515,Farina,SA
5733,-29.72053928,138.4077407,Mundowdna,SA
5734,-27.057139,135.062571,Oodnadatta,SA
5839,-34.92849902,138.600746,Adelaide,SA
6001,-31.99212,115.763228,Perth,WA
6007,-31.935675,115.834335,Leederville,WA
6009,-31.985791,115.804692,Crawley,WA
6010,-31.971647,115.77639,Mount Claremont,WA
6014,-31.936389,115.808169,Jolimont,WA
6017,-31.908357,115.814562,Osborne Park Dc,WA
6018,-31.891957,115.786821,Woodlands,WA
6020,-31.852698,115.765396,Watermans Bay,WA
6024,-31.83489,115.803068,Warwick,WA
6027,-31.763347,115.756405,Beldon,WA
6027,-31.763347,115.756405,Ocean Reef,WA
6030,-31.687341,115.711684,Merriwa,WA
6031,-31.692538,115.772138,Neerabup,WA
6037,-31.48847,115.616105,Two Rocks,WA
6042,-31.254414,115.508625,Seabird,WA
6050,-31.930574,115.871864,Coolbinia,WA
6054,-31.901801,115.942572,Ashfield,WA
6055,-31.92821488,116.0299538,Bushmead,WA
6055,-31.842527,115.980754,West Swan,WA
6056,-31.838398,116.0261,Jane Brook,WA
6056,-31.838398,116.0261,Stratton,WA
6059,-31.882862,115.861726,Dianella,WA
6061,-31.864113,115.843478,Mirrabooka,WA
6063,-31.8589186,115.9421996,Bennett Springs,WA
6065,-31.69444,115.845329,Gnangara,WA
6065,-31.69444,115.845329,Mariginiup,WA
6065,-31.69444,115.845329,Wangara Dc,WA
6069,-31.771612,116.007663,Brigadoon,WA
6071,-31.889087,116.100432,Hovea,WA
6076,-32.108961,116.208263,Carmel,WA
6076,-32.108961,116.208263,Piesse Brook,WA
6078,-31.69444,115.845329,Pinjar,WA
6083,-31.793051,116.196639,Gidgegannup,WA
6090,-31.862589,115.894254,Malaga,WA
6101,-31.985247,115.908576,East Victoria Park,WA
6104,-31.965498,115.977633,Belmont,WA
6107,-32.017663,115.967142,Beckenham,WA
6108,-32.06089,115.953584,Thornlie,WA
6111,-32.10398,116.192636,Ashendon,WA
6111,-32.10398,116.192636,Lesley,WA
6112,-32.158675,115.997934,Forrestdale,WA
6112,-32.158675,115.997934,Seville Grove,WA
6122,-32.221725,116.0072,Karrakup,WA
6126,-32.440033,115.977043,Keysbrook,WA
6148,-32.030183,115.924691,Shelley,WA
6151,-31.982199,115.869482,South Perth,WA
6153,-32.024363,115.837525,Applecross,WA
6154,-32.040061,115.825994,Booragoon,WA
6156,-32.03954,115.800233,Melville,WA
6159,-32.035224,115.750311,North Fremantle,WA
6163,-32.084784,115.798722,Bibra Lake Dc,WA
6163,-32.092963,115.837476,O’Connor,WA
6164,-32.131993,115.854584,Banjup,WA
6164,-32.12303469,115.8928346,Treeby,WA
6166,-32.158361,115.790704,Munster,WA
6167,-32.223657,115.835308,Kwinana Town Centre,WA
6167,-32.223657,115.835308,Wandi,WA
6168,-32.281957,115.75773,Rockingham Beach,WA
6170,-32.265645,115.835972,Wellard,WA
6180,-32.557981,115.728286,Lakelands,WA
6207,-32.514294,115.959595,Solus,WA
6208,-32.630616,115.847592,Oakley,WA
6209,-32.557981,115.728286,Furnissdale,WA
6210,-32.557981,115.728286,Erskine,WA
6210,-32.557981,115.728286,Madora Bay,WA
6210,-32.557981,115.728286,San Remo,WA
6211,-32.557981,115.728286,Herron,WA
6213,-32.702065,116.128249,Teesdale,WA
6215,-32.853807,115.896715,Preston Beach,WA
6220,-33.031221,116.029777,Myalup,WA
6224,-33.245138,115.846788,Brunswick,WA
6225,-33.35257,116.204886,Harris River,WA
6225,-33.35257,116.204886,Palmer,WA
6228,-33.338057,115.776497,Waterloo,WA
6230,-33.341076,115.649205,Davenport,WA
6230,-33.341076,115.649205,Vittoria,WA
6233,-33.279034,115.71443,Leschenault,WA
6236,-33.410436,115.828921,Henty,WA
6237,-33.475994,115.674056,North Boyanup,WA
6239,-33.564872,115.923933,Donnybrook,WA
6240,-33.549593,115.966143,Lowden,WA
6244,-33.783171,116.506912,Mayanup,WA
6252,-33.748279,115.956731,Mullalyup,WA
6255,-33.971605,116.155378,Bridgetown,WA
6256,-34.052334,116.166583,Kingston,WA
6258,-34.312823,116.402179,Deanmill,WA
6258,-34.312823,116.402179,Lake Muir,WA
6258,-34.312823,116.402179,Perup,WA
6258,-34.312823,116.402179,Yanmah,WA
6260,-34.438738,115.860627,Eastbrook,WA
6262,-34.706106,116.141244,Meerup,WA
6271,-33.621176,115.615674,Peppermint Grove Beach,WA
6275,-34.055304,115.626518,Jalbarragup,WA
6280,-33.728945,115.302732,Acton Park,WA
6280,-33.728945,115.302732,Carbunup River,WA
6280,-33.728945,115.302732,Kealy,WA
6280,-33.728945,115.302732,Sabina River,WA
6280,-33.728945,115.302732,Wonnerup,WA
6281,-33.610787,115.0768,Quedjinup,WA
6284,-33.857591,115.188682,Treeton,WA
6285,-33.941351,115.280972,Rosa Brook,WA
6286,-34.061823,115.176529,Witchcliffe,WA
6288,-34.171024,115.233622,Warner Glen,WA
6302,-31.896269,116.742895,Badgin,WA
6302,-31.896269,116.742895,Flynn,WA
6302,-31.896269,116.742895,Mount Hardey,WA
6302,-31.896269,116.742895,Talbot West,WA
6304,-32.176607,116.76028,Kokeby,WA
6306,-32.296524,117.140629,Kweda,WA
6308,-32.579015,116.665242,Springs,WA
6311,-32.803533,117.120895,Commodine,WA
6311,-32.803533,117.120895,Yornaning,WA
6312,-32.979123,117.306862,Nomans Lake,WA
6315,-33.286272,117.342795,Collanilling,WA
6315,-33.286272,117.342795,Wagin,WA
6316,-33.532315,117.384564,Woodanilling,WA
6317,-33.647362,117.738912,Ewlyamartup,WA
6317,-33.647362,117.738912,South Glencoe,WA
6320,-34.096397,117.717905,Dartnall,WA
6323,-34.486238,117.62552,Kendenup,WA
6324,-34.618289,117.781468,Takalarup,WA
6328,-34.919086,118.462801,Gnowellen,WA
6330,-34.905438,117.863286,Albany,WA
6330,-34.905438,117.863286,Cuthbert,WA
6330,-34.905438,117.863286,Green Valley,WA
6330,-34.905438,117.863286,Lower King,WA
6330,-34.905438,117.863286,Mira Mar,WA
6330,-34.905438,117.863286,Orana,WA
6330,-34.905438,117.863286,Torndirrup,WA
6330,-34.905438,117.863286,Youngs Siding,WA
6333,-34.902512,117.158861,Hazelvale,WA
6333,-34.902512,117.158861,Ocean Beach,WA
6333,-34.902512,117.158861,William Bay,WA
6336,-33.928235,118.596801,Mindarabin,WA
6337,-33.990448,119.237195,Jerramungup,WA
6338,-34.362864,118.657118,Monjebup,WA
6346,-33.319068,120.349013,Jerdacuttup,WA
6350,-33.281233,117.783872,Nippering,WA
6353,-33.131383,118.510341,Beenong,WA
6353,-33.131383,118.510341,North Lake Grace,WA
6355,-33.032688,119.098339,Lake Camm,WA
6356,-32.88527809,120.1323996,Hatter Hill,WA
6359,-32.66654931,119.1284213,Little Italy,WA
6365,-32.723142,118.288784,Kulin,WA
6369,-32.023679,118.806453,Narembeen,WA
6370,-32.80605,117.626013,Malyalling,WA
6375,-32.286284,117.879836,Bilbarin,WA
6383,-31.89343546,117.3302057,Cubbine,WA
6383,-31.951084,117.406271,South Caroling,WA
6390,-32.805438,116.413369,Bannister,WA
6390,-32.805438,116.413369,North Bannister,WA
6391,-33.0633,116.773204,Hillman River,WA
6392,-33.2326994,116.7708935,Dardadine,WA
6394,-33.83319,116.972036,Beaufort River,WA
6394,-33.83319,116.972036,Qualeup,WA
6396,-34.372016,117.096189,Frankland,WA
6401,-31.640292,116.681727,Burlong,WA
6401,-31.640292,116.681727,Meenaar,WA
6401,-31.640292,116.681727,Southern Brook,WA
6405,-31.605825,117.020194,Quelagetting,WA
6407,-31.651142,117.222062,Youndegin,WA
6410,-31.579991,117.679993,Daadenning Creek,WA
6412,-31.601076,117.979823,North Baandee,WA
6415,-31.481223,118.289983,Norpa,WA
6421,-31.327544,118.524208,Burracoppin,WA
6423,-30.9942351,118.7279387,Warrachuppin,WA
6426,-30.361305,119.311267,Corinthia,WA
6426,-30.361305,119.311267,Mount Palmer,WA
6427,-30.850566,119.540903,Koolyanobbing,WA
6429,-30.949795,120.898892,Mount Burges,WA
6430,-30.599071,121.446478,Karlkurla,WA
6430,-30.599071,121.446478,West Lamington,WA
6431,-30.40364,122.683881,Feysville,WA
6431,-30.40364,122.683881,Trafalgar,WA
6433,-30.724,121.454,Hannans Po,WA
6434,-30.820157,125.672818,Rawlinna,WA
6438,-28.900034,121.092655,Lake Darlot,WA
6440,-26.168944,125.733157,Laverton,WA
6443,-32.39502,123.744186,Cocklebiddy,WA
6443,-32.39502,123.744186,Norseman,WA
6447,-33.451323,121.732214,Scaddan,WA
6450,-33.401152,122.211127,Cascade,WA
6450,-33.401152,122.211127,Esperance,WA
6450,-33.401152,122.211127,Nulsen,WA
6452,-32.91833,122.895,Israelite Bay,WA
6461,-31.140717,117.083327,Koomberkine,WA
6467,-30.561306,117.153374,Burakin,WA
6472,-30.261439,117.789878,Cleary,WA
6475,-30.613981,117.440487,Badgerin Rock,WA
6476,-30.764934,117.679166,Gabbin,WA
6479,-30.748419,118.448501,Karloning,WA
6484,-30.960681,119.078912,Bullfinch,WA
6485,-31.184717,117.381055,Wyalkatchem,WA
6489,-31.12327,117.945624,Kununoppin,WA
6490,-31.161835,118.107061,Nungarin,WA
6503,-31.237406,115.82111,Boonanarring,WA
6503,-31.237406,115.82111,Granville,WA
6503,-31.237406,115.82111,Orange Springs,WA
6507,-30.72155,115.718713,Cataby,WA
6509,-30.912266,116.252618,New Norcia,WA
6510,-30.701145,116.090272,Moora,WA
6514,-30.027371,115.087155,Green Head,WA
6517,-29.740667,115.839422,Carnamah,WA
6519,-29.514304,115.597715,Kadathinni,WA
6521,-30.348514,115.640925,Nambung,WA
6522,-29.139369,115.485567,Mount Budd,WA
6525,-29.327323,115.098073,Bookara,WA
6525,-29.327323,115.098073,Springfield,WA
6530,-28.802491,114.862505,Bluff Point,WA
6530,-28.802491,114.862505,Moresby,WA
6530,-28.802491,114.862505,Tarcoola Beach,WA
6530,-28.802491,114.862505,Woorree,WA
6532,-28.440886,115.004595,Buller,WA
6532,-28.440886,115.004595,Deepdale,WA
6532,-28.440886,115.004595,Ellendale,WA
6532,-28.440886,115.004595,Hamelin Pool,WA
6532,-28.440886,115.004595,Moonyoonooka,WA
6532,-28.440886,115.004595,Nerren Nerren,WA
6532,-28.440886,115.004595,Sandsprings,WA
6532,-28.440886,115.004595,West Binnu,WA
6535,-27.832196,114.852437,Bowes,WA
6535,-27.832196,114.852437,Sandy Gully,WA
6537,-25.79287911,113.0535618,Dirk Hartog Island,WA
6556,-31.860591,116.310249,Chidlow,WA
6562,-31.746189,116.473434,Copley,WA
6566,-31.484853,116.38064,Dumbarton,WA
6567,-31.459208,116.419958,Moondyne,WA
6571,-30.940448,116.396621,Yerecoin,WA
6603,-30.874243,116.725982,Lake Ninan,WA
6606,-30.614263,116.829163,West Ballidu,WA
6612,-29.545139,117.835179,Jibberding,WA
6620,-29.62372971,116.6013512,Bunjil,WA
6623,-29.021683,116.120459,Morawa,WA
6630,-27.569679,115.72384,Murchison,WA
6632,-28.619887,115.338356,Ambania,WA
6638,-28.612449,118.157573,Paynesville,WA
6642,-25.639378,118.554936,Angelo River,WA
6646,-25.912724,121.214907,Little Sandy Desert,WA
6701,-24.734545,115.15198,Carnarvon,WA
6701,-24.734545,115.15198,Kennedy Range,WA
6701,-24.734545,115.15198,Morgantown,WA
6701,-24.734545,115.15198,Wooramel,WA
6707,-22.265028,113.954791,Cape Range National Park,WA
6710,-22.133456,115.448968,Peedamulla,WA
6714,-21.145063,116.349933,Antonymyre,WA
6714,-21.145063,116.349933,Gap Ridge,WA
